Datum,VT [kW],NT [kW]
01.10.2025 00:15:00,0,0.02
01.10.2025 00:30:00,0,0.02
01.10.2025 00:45:00,0,0.016
01.10.2025 01:00:00,0,0.024
01.10.2025 01:15:00,0,0.016
01.10.2025 01:30:00,0,0.032
01.10.2025 01:45:00,0,0.016
01.10.2025 02:00:00,0,0.02
01.10.2025 02:15:00,0,0.012
01.10.2025 02:30:00,0,0.028
01.10.2025 02:45:00,0,0.02
01.10.2025 03:00:00,0,0.04
01.10.2025 03:15:00,0,0.028
01.10.2025 03:30:00,0,0.028
01.10.2025 03:45:00,0,0.02
01.10.2025 04:00:00,0,0.028
01.10.2025 04:15:00,0,0.04
01.10.2025 04:30:00,0,0.012
01.10.2025 04:45:00,0,0.024
01.10.2025 05:00:00,0,0.028
01.10.2025 05:15:00,0,0.052
01.10.2025 05:30:00,0,0.056
01.10.2025 05:45:00,0,0.048
01.10.2025 06:00:00,0,0.036
01.10.2025 06:15:00,0,0.024
01.10.2025 06:30:00,0,0.02
01.10.2025 06:45:00,0,0.02
01.10.2025 07:00:00,0,0.52
01.10.2025 07:15:00,0,0.864
01.10.2025 07:30:00,0,0.844
01.10.2025 07:45:00,0,0.812
01.10.2025 08:00:00,0,0.784
01.10.2025 08:15:00,0,1.936
01.10.2025 08:30:00,0,2.08
01.10.2025 08:45:00,0,1.892
01.10.2025 09:00:00,0,1.652
01.10.2025 09:15:00,0,1.4
01.10.2025 09:30:00,0,0.996
01.10.2025 09:45:00,0,0.064
01.10.2025 10:00:00,0,0.132
01.10.2025 10:15:00,0.268,0
01.10.2025 10:30:00,0.072,0
01.10.2025 10:45:00,0.148,0
01.10.2025 11:00:00,0.056,0
01.10.2025 11:15:00,0,0.088
01.10.2025 11:30:00,0,0.104
01.10.2025 11:45:00,0,0.072
01.10.2025 12:00:00,0,0.088
01.10.2025 12:15:00,0.124,0
01.10.2025 12:30:00,0.168,0
01.10.2025 12:45:00,0.084,0
01.10.2025 13:00:00,0.072,0
01.10.2025 13:15:00,0,0.14
01.10.2025 13:30:00,0,0.124
01.10.2025 13:45:00,0,0.088
01.10.2025 14:00:00,0,0.084
01.10.2025 14:15:00,0.184,0
01.10.2025 14:30:00,0.072,0
01.10.2025 14:45:00,0.092,0
01.10.2025 15:00:00,0.076,0
01.10.2025 15:15:00,0,0.06
01.10.2025 15:30:00,0,0.064
01.10.2025 15:45:00,0,0.072
01.10.2025 16:00:00,0,0.088
01.10.2025 16:15:00,0,0.1
01.10.2025 16:30:00,0,0.272
01.10.2025 16:45:00,0,0.296
01.10.2025 17:00:00,0,0.344
01.10.2025 17:15:00,0.56,0
01.10.2025 17:30:00,0.42,0
01.10.2025 17:45:00,0.268,0
01.10.2025 18:00:00,1.908,0
01.10.2025 18:15:00,0,1.072
01.10.2025 18:30:00,0,0.052
01.10.2025 18:45:00,0,1.22
01.10.2025 19:00:00,0,1.944
01.10.2025 19:15:00,0,0.584
01.10.2025 19:30:00,0,0.252
01.10.2025 19:45:00,0,0.204
01.10.2025 20:00:00,0,0.172
01.10.2025 20:15:00,0,0.848
01.10.2025 20:30:00,0,0.912
01.10.2025 20:45:00,0,0.932
01.10.2025 21:00:00,0,0.912
01.10.2025 21:15:00,0,0.728
01.10.2025 21:30:00,0,0.732
01.10.2025 21:45:00,0,0.628
01.10.2025 22:00:00,0,0.628
01.10.2025 22:15:00,0,0.596
01.10.2025 22:30:00,0,0.556
01.10.2025 22:45:00,0,0.44
01.10.2025 23:00:00,0,0.192
01.10.2025 23:15:00,0,0.18
01.10.2025 23:30:00,0,0.18
01.10.2025 23:45:00,0,0.18
01.10.2025 24:00:00,0,0.236
02.10.2025 00:15:00,0,0.252
02.10.2025 00:30:00,0,0.24
02.10.2025 00:45:00,0,0.236
02.10.2025 01:00:00,0,0.2
02.10.2025 01:15:00,0,0.164
02.10.2025 01:30:00,0,0.212
02.10.2025 01:45:00,0,0.204
02.10.2025 02:00:00,0,0.188
02.10.2025 02:15:00,0,0.484
02.10.2025 02:30:00,0,0.628
02.10.2025 02:45:00,0,0.724
02.10.2025 03:00:00,0,0.728
02.10.2025 03:15:00,0,0.724
02.10.2025 03:30:00,0,0.584
02.10.2025 03:45:00,0,0.54
02.10.2025 04:00:00,0,0.544
02.10.2025 04:15:00,0,0.54
02.10.2025 04:30:00,0,0.544
02.10.2025 04:45:00,0,0.444
02.10.2025 05:00:00,0,0.2
02.10.2025 05:15:00,0,0.184
02.10.2025 05:30:00,0,0.244
02.10.2025 05:45:00,0,0.256
02.10.2025 06:00:00,0,0.236
02.10.2025 06:15:00,0,0.332
02.10.2025 06:30:00,0,0.896
02.10.2025 06:45:00,0,1.068
02.10.2025 07:00:00,0,1.144
02.10.2025 07:15:00,0,1.116
02.10.2025 07:30:00,0,0.984
02.10.2025 07:45:00,0,0.88
02.10.2025 08:00:00,0,1.584
02.10.2025 08:15:00,0,2.144
02.10.2025 08:30:00,0,1.404
02.10.2025 08:45:00,0,1.48
02.10.2025 09:00:00,0,1.544
02.10.2025 09:15:00,0,1.24
02.10.2025 09:30:00,0,1.028
02.10.2025 09:45:00,0,0.672
02.10.2025 10:00:00,0,0.084
02.10.2025 10:15:00,0.1,0
02.10.2025 10:30:00,0.08,0
02.10.2025 10:45:00,0.068,0
02.10.2025 11:00:00,0.072,0
02.10.2025 11:15:00,0,0.364
02.10.2025 11:30:00,0,0.196
02.10.2025 11:45:00,0,0.152
02.10.2025 12:00:00,0,0.192
02.10.2025 12:15:00,0.168,0
02.10.2025 12:30:00,0.14,0
02.10.2025 12:45:00,0.204,0
02.10.2025 13:00:00,0.128,0
02.10.2025 13:15:00,0,0.092
02.10.2025 13:30:00,0,0.076
02.10.2025 13:45:00,0,0.04
02.10.2025 14:00:00,0,0
02.10.2025 14:15:00,0.084,0
02.10.2025 14:30:00,0.028,0
02.10.2025 14:45:00,0.004,0
02.10.2025 15:00:00,0,0
02.10.2025 15:15:00,0,0.476
02.10.2025 15:30:00,0,1.12
02.10.2025 15:45:00,0,0.508
02.10.2025 16:00:00,0,0.492
02.10.2025 16:15:00,0,0.232
02.10.2025 16:30:00,0,0.888
02.10.2025 16:45:00,0,0.984
02.10.2025 17:00:00,0,0
02.10.2025 17:15:00,0.672,0
02.10.2025 17:30:00,2.008,0
02.10.2025 17:45:00,1.868,0
02.10.2025 18:00:00,1.368,0
02.10.2025 18:15:00,0,0.12
02.10.2025 18:30:00,0,0.016
02.10.2025 18:45:00,0,0.016
02.10.2025 19:00:00,0,0.012
02.10.2025 19:15:00,0,0.02
02.10.2025 19:30:00,0,0.02
02.10.2025 19:45:00,0,0.016
02.10.2025 20:00:00,0,0.024
02.10.2025 20:15:00,0,0.088
02.10.2025 20:30:00,0,0.016
02.10.2025 20:45:00,0,0.052
02.10.2025 21:00:00,0,0.048
02.10.2025 21:15:00,0,0.028
02.10.2025 21:30:00,0,0.02
02.10.2025 21:45:00,0,0.024
02.10.2025 22:00:00,0,0.028
02.10.2025 22:15:00,0,0.032
02.10.2025 22:30:00,0,0.032
02.10.2025 22:45:00,0,0.028
02.10.2025 23:00:00,0,0.02
02.10.2025 23:15:00,0,0.028
02.10.2025 23:30:00,0,0.028
02.10.2025 23:45:00,0,0.02
02.10.2025 24:00:00,0,0.028
03.10.2025 00:15:00,0,0.02
03.10.2025 00:30:00,0,0.02
03.10.2025 00:45:00,0,0.048
03.10.2025 01:00:00,0,0.04
03.10.2025 01:15:00,0,0.024
03.10.2025 01:30:00,0,0.036
03.10.2025 01:45:00,0,0.02
03.10.2025 02:00:00,0,0.02
03.10.2025 02:15:00,0,0.016
03.10.2025 02:30:00,0,0.016
03.10.2025 02:45:00,0,0.016
03.10.2025 03:00:00,0,0.024
03.10.2025 03:15:00,0,0.04
03.10.2025 03:30:00,0,0.04
03.10.2025 03:45:00,0,0.02
03.10.2025 04:00:00,0,0.016
03.10.2025 04:15:00,0,0.044
03.10.2025 04:30:00,0,0.08
03.10.2025 04:45:00,0,0.012
03.10.2025 05:00:00,0,0.016
03.10.2025 05:15:00,0,0.028
03.10.2025 05:30:00,0,0.02
03.10.2025 05:45:00,0,0.028
03.10.2025 06:00:00,0,0.036
03.10.2025 06:15:00,0,0.028
03.10.2025 06:30:00,0,0.024
03.10.2025 06:45:00,0,0.02
03.10.2025 07:00:00,0,0.588
03.10.2025 07:15:00,0,3.208
03.10.2025 07:30:00,0,1.632
03.10.2025 07:45:00,0,0.84
03.10.2025 08:00:00,0,0.624
03.10.2025 08:15:00,0,1.764
03.10.2025 08:30:00,0,1.408
03.10.2025 08:45:00,0,1.108
03.10.2025 09:00:00,0,1.132
03.10.2025 09:15:00,0,1.18
03.10.2025 09:30:00,0,0.104
03.10.2025 09:45:00,0,0.064
03.10.2025 10:00:00,0,0.06
03.10.2025 10:15:00,0.092,0
03.10.2025 10:30:00,0.076,0
03.10.2025 10:45:00,0.076,0
03.10.2025 11:00:00,0.092,0
03.10.2025 11:15:00,0,0.096
03.10.2025 11:30:00,0,0.064
03.10.2025 11:45:00,0,0.276
03.10.2025 12:00:00,0,0.06
03.10.2025 12:15:00,0.284,0
03.10.2025 12:30:00,0.18,0
03.10.2025 12:45:00,0.168,0
03.10.2025 13:00:00,0.084,0
03.10.2025 13:15:00,0,0.16
03.10.2025 13:30:00,0,0.08
03.10.2025 13:45:00,0,0.008
03.10.2025 14:00:00,0,0.012
03.10.2025 14:15:00,0.052,0
03.10.2025 14:30:00,0,0
03.10.2025 14:45:00,0,0
03.10.2025 15:00:00,0,0
03.10.2025 15:15:00,0,0
03.10.2025 15:30:00,0,0
03.10.2025 15:45:00,0,0
03.10.2025 16:00:00,0,0
03.10.2025 16:15:00,0,0
03.10.2025 16:30:00,0,0.024
03.10.2025 16:45:00,0,0.412
03.10.2025 17:00:00,0,0.716
03.10.2025 17:15:00,0.8,0
03.10.2025 17:30:00,0.696,0
03.10.2025 17:45:00,0.58,0
03.10.2025 18:00:00,0.512,0
03.10.2025 18:15:00,0,0.24
03.10.2025 18:30:00,0,0.012
03.10.2025 18:45:00,0,0.016
03.10.2025 19:00:00,0,0.056
03.10.2025 19:15:00,0,0.024
03.10.2025 19:30:00,0,0.02
03.10.2025 19:45:00,0,0.016
03.10.2025 20:00:00,0,0.02
03.10.2025 20:15:00,0,0.104
03.10.2025 20:30:00,0,0.012
03.10.2025 20:45:00,0,0.028
03.10.2025 21:00:00,0,0.024
03.10.2025 21:15:00,0,0.036
03.10.2025 21:30:00,0,0.012
03.10.2025 21:45:00,0,0.028
03.10.2025 22:00:00,0,0.02
03.10.2025 22:15:00,0,0.02
03.10.2025 22:30:00,0,0.032
03.10.2025 22:45:00,0,0.02
03.10.2025 23:00:00,0,0.016
03.10.2025 23:15:00,0,0.052
03.10.2025 23:30:00,0,0.028
03.10.2025 23:45:00,0,0.04
03.10.2025 24:00:00,0,0.032
04.10.2025 00:15:00,0,0.036
04.10.2025 00:30:00,0,0.028
04.10.2025 00:45:00,0,0.036
04.10.2025 01:00:00,0,0.028
04.10.2025 01:15:00,0,0.028
04.10.2025 01:30:00,0,0.028
04.10.2025 01:45:00,0,0.032
04.10.2025 02:00:00,0,0.032
04.10.2025 02:15:00,0,0.028
04.10.2025 02:30:00,0,0.028
04.10.2025 02:45:00,0,0.032
04.10.2025 03:00:00,0,0.032
04.10.2025 03:15:00,0,0.048
04.10.2025 03:30:00,0,0.044
04.10.2025 03:45:00,0,0.028
04.10.2025 04:00:00,0,0.024
04.10.2025 04:15:00,0,0.044
04.10.2025 04:30:00,0,0.052
04.10.2025 04:45:00,0,0.468
04.10.2025 05:00:00,0,0.692
04.10.2025 05:15:00,0,0.7
04.10.2025 05:30:00,0,0.764
04.10.2025 05:45:00,0,0.928
04.10.2025 06:00:00,0,1.144
04.10.2025 06:15:00,0,1.204
04.10.2025 06:30:00,0,1.196
04.10.2025 06:45:00,0,1.168
04.10.2025 07:00:00,0,0.948
04.10.2025 07:15:00,0,1.236
04.10.2025 07:30:00,0,1.092
04.10.2025 07:45:00,0,1.208
04.10.2025 08:00:00,0,1.072
04.10.2025 08:15:00,0,1.04
04.10.2025 08:30:00,0,0.972
04.10.2025 08:45:00,0,0.504
04.10.2025 09:00:00,0,0.484
04.10.2025 09:15:00,0,0.072
04.10.2025 09:30:00,0,0.076
04.10.2025 09:45:00,0,0.06
04.10.2025 10:00:00,0,0.052
04.10.2025 10:15:00,0.06,0
04.10.2025 10:30:00,0.084,0
04.10.2025 10:45:00,0.056,0
04.10.2025 11:00:00,0.06,0
04.10.2025 11:15:00,0,0.128
04.10.2025 11:30:00,0,0.228
04.10.2025 11:45:00,0,2.088
04.10.2025 12:00:00,0,1.328
04.10.2025 12:15:00,1.268,0
04.10.2025 12:30:00,1.068,0
04.10.2025 12:45:00,1.256,0
04.10.2025 13:00:00,0.132,0
04.10.2025 13:15:00,0,0.056
04.10.2025 13:30:00,0,0.848
04.10.2025 13:45:00,0,2.388
04.10.2025 14:00:00,0,2.028
04.10.2025 14:15:00,0.9,0
04.10.2025 14:30:00,0.776,0
04.10.2025 14:45:00,0.696,0
04.10.2025 15:00:00,0.556,0
04.10.2025 15:15:00,0,0.084
04.10.2025 15:30:00,0,0.056
04.10.2025 15:45:00,0,0.308
04.10.2025 16:00:00,0,1.596
04.10.2025 16:15:00,0,1.784
04.10.2025 16:30:00,0,0.5
04.10.2025 16:45:00,0,0.072
04.10.2025 17:00:00,0,0.076
04.10.2025 17:15:00,0.052,0
04.10.2025 17:30:00,0.04,0
04.10.2025 17:45:00,0.012,0
04.10.2025 18:00:00,0.012,0
04.10.2025 18:15:00,0,0.012
04.10.2025 18:30:00,0,0.016
04.10.2025 18:45:00,0,0.036
04.10.2025 19:00:00,0,0.024
04.10.2025 19:15:00,0,0.036
04.10.2025 19:30:00,0,0.016
04.10.2025 19:45:00,0,0.016
04.10.2025 20:00:00,0,0.016
04.10.2025 20:15:00,0,0.016
04.10.2025 20:30:00,0,0.016
04.10.2025 20:45:00,0,0.016
04.10.2025 21:00:00,0,0.016
04.10.2025 21:15:00,0,0.016
04.10.2025 21:30:00,0,0.056
04.10.2025 21:45:00,0,0.016
04.10.2025 22:00:00,0,0.032
04.10.2025 22:15:00,0,0.024
04.10.2025 22:30:00,0,0.02
04.10.2025 22:45:00,0,0.02
04.10.2025 23:00:00,0,0.024
04.10.2025 23:15:00,0,0.024
04.10.2025 23:30:00,0,0.008
04.10.2025 23:45:00,0,0.02
04.10.2025 24:00:00,0,0.028
05.10.2025 00:15:00,0,0.012
05.10.2025 00:30:00,0,0.016
05.10.2025 00:45:00,0,0.016
05.10.2025 01:00:00,0,0.016
05.10.2025 01:15:00,0,0.012
05.10.2025 01:30:00,0,0.02
05.10.2025 01:45:00,0,0.116
05.10.2025 02:00:00,0,0.224
05.10.2025 02:15:00,0,0.22
05.10.2025 02:30:00,0,0.224
05.10.2025 02:45:00,0,0.208
05.10.2025 03:00:00,0,0.2
05.10.2025 03:15:00,0,0.192
05.10.2025 03:30:00,0,0.176
05.10.2025 03:45:00,0,0.2
05.10.2025 04:00:00,0,0.224
05.10.2025 04:15:00,0,0.22
05.10.2025 04:30:00,0,0.356
05.10.2025 04:45:00,0,0.676
05.10.2025 05:00:00,0,0.768
05.10.2025 05:15:00,0,0.772
05.10.2025 05:30:00,0,0.788
05.10.2025 05:45:00,0,0.796
05.10.2025 06:00:00,0,0.748
05.10.2025 06:15:00,0,1.108
05.10.2025 06:30:00,0,1.112
05.10.2025 06:45:00,0,0.984
05.10.2025 07:00:00,0,0.772
05.10.2025 07:15:00,0,0.632
05.10.2025 07:30:00,0,0.584
05.10.2025 07:45:00,0,0.632
05.10.2025 08:00:00,0,0.636
05.10.2025 08:15:00,0,1.992
05.10.2025 08:30:00,0,1.884
05.10.2025 08:45:00,0,1.788
05.10.2025 09:00:00,0,1.64
05.10.2025 09:15:00,0,0.744
05.10.2025 09:30:00,0,0.132
05.10.2025 09:45:00,0,0.304
05.10.2025 10:00:00,0,0.06
05.10.2025 10:15:00,0.072,0
05.10.2025 10:30:00,0.664,0
05.10.2025 10:45:00,0.336,0
05.10.2025 11:00:00,0.1,0
05.10.2025 11:15:00,0,1.632
05.10.2025 11:30:00,0,0.132
05.10.2025 11:45:00,0,0.12
05.10.2025 12:00:00,0,0.128
05.10.2025 12:15:00,0.348,0
05.10.2025 12:30:00,0.192,0
05.10.2025 12:45:00,0.48,0
05.10.2025 13:00:00,0.464,0
05.10.2025 13:15:00,0,1.024
05.10.2025 13:30:00,0,0.244
05.10.2025 13:45:00,0,0.144
05.10.2025 14:00:00,0,0.072
05.10.2025 14:15:00,0.072,0
05.10.2025 14:30:00,0.064,0
05.10.2025 14:45:00,0.06,0
05.10.2025 15:00:00,0.052,0
05.10.2025 15:15:00,0,0.072
05.10.2025 15:30:00,0,0.052
05.10.2025 15:45:00,0,0.056
05.10.2025 16:00:00,0,0.072
05.10.2025 16:15:00,0,0.076
05.10.2025 16:30:00,0,0.064
05.10.2025 16:45:00,0,0.068
05.10.2025 17:00:00,0,0.06
05.10.2025 17:15:00,0.056,0
05.10.2025 17:30:00,0.052,0
05.10.2025 17:45:00,0.116,0
05.10.2025 18:00:00,1.828,0
05.10.2025 18:15:00,0,0.324
05.10.2025 18:30:00,0,0.04
05.10.2025 18:45:00,0,0.092
05.10.2025 19:00:00,0,0.024
05.10.2025 19:15:00,0,0.028
05.10.2025 19:30:00,0,0.028
05.10.2025 19:45:00,0,0.084
05.10.2025 20:00:00,0,0.052
05.10.2025 20:15:00,0,0.02
05.10.2025 20:30:00,0,0.016
05.10.2025 20:45:00,0,0.036
05.10.2025 21:00:00,0,0.04
05.10.2025 21:15:00,0,0.024
05.10.2025 21:30:00,0,0.02
05.10.2025 21:45:00,0,0.016
05.10.2025 22:00:00,0,0.02
05.10.2025 22:15:00,0,0.02
05.10.2025 22:30:00,0,0.024
05.10.2025 22:45:00,0,0.028
05.10.2025 23:00:00,0,0.016
05.10.2025 23:15:00,0,0.016
05.10.2025 23:30:00,0,0.02
05.10.2025 23:45:00,0,0.02
05.10.2025 24:00:00,0,0.02
06.10.2025 00:15:00,0,0.02
06.10.2025 00:30:00,0,0.024
06.10.2025 00:45:00,0,0.02
06.10.2025 01:00:00,0,0.04
06.10.2025 01:15:00,0,0.02
06.10.2025 01:30:00,0,0.024
06.10.2025 01:45:00,0,0.028
06.10.2025 02:00:00,0,0.036
06.10.2025 02:15:00,0,0.028
06.10.2025 02:30:00,0,0.032
06.10.2025 02:45:00,0,0.032
06.10.2025 03:00:00,0,0.012
06.10.2025 03:15:00,0,0.028
06.10.2025 03:30:00,0,0.036
06.10.2025 03:45:00,0,0.016
06.10.2025 04:00:00,0,0.024
06.10.2025 04:15:00,0,0.028
06.10.2025 04:30:00,0,0.032
06.10.2025 04:45:00,0,0.024
06.10.2025 05:00:00,0,0.024
06.10.2025 05:15:00,0,0.02
06.10.2025 05:30:00,0,0.028
06.10.2025 05:45:00,0,0.028
06.10.2025 06:00:00,0,0.044
06.10.2025 06:15:00,0,0.036
06.10.2025 06:30:00,0,0.02
06.10.2025 06:45:00,0,0.016
06.10.2025 07:00:00,0,0.02
06.10.2025 07:15:00,0,0.016
06.10.2025 07:30:00,0,0.016
06.10.2025 07:45:00,0,0.028
06.10.2025 08:00:00,0,0.152
06.10.2025 08:15:00,0,1.784
06.10.2025 08:30:00,0,1.996
06.10.2025 08:45:00,0,1.744
06.10.2025 09:00:00,0,2
06.10.2025 09:15:00,0,1.292
06.10.2025 09:30:00,0,0.072
06.10.2025 09:45:00,0,0.16
06.10.2025 10:00:00,0,0.196
06.10.2025 10:15:00,0.432,0
06.10.2025 10:30:00,0.332,0
06.10.2025 10:45:00,0.28,0
06.10.2025 11:00:00,0.204,0
06.10.2025 11:15:00,0,0.148
06.10.2025 11:30:00,0,0.088
06.10.2025 11:45:00,0,0.08
06.10.2025 12:00:00,0,0.12
06.10.2025 12:15:00,0.444,0
06.10.2025 12:30:00,0.124,0
06.10.2025 12:45:00,0.1,0
06.10.2025 13:00:00,0.536,0
06.10.2025 13:15:00,0,0.84
06.10.2025 13:30:00,0,1.424
06.10.2025 13:45:00,0,0.364
06.10.2025 14:00:00,0,0.06
06.10.2025 14:15:00,0.056,0
06.10.2025 14:30:00,0.056,0
06.10.2025 14:45:00,0.06,0
06.10.2025 15:00:00,0.068,0
06.10.2025 15:15:00,0,0.48
06.10.2025 15:30:00,0,1.508
06.10.2025 15:45:00,0,1.28
06.10.2025 16:00:00,0,0.164
06.10.2025 16:15:00,0,0.056
06.10.2025 16:30:00,0,0.068
06.10.2025 16:45:00,0,0.144
06.10.2025 17:00:00,0,0.096
06.10.2025 17:15:00,0.056,0
06.10.2025 17:30:00,0.072,0
06.10.2025 17:45:00,0.048,0
06.10.2025 18:00:00,0.092,0
06.10.2025 18:15:00,0,0.012
06.10.2025 18:30:00,0,0.028
06.10.2025 18:45:00,0,0.032
06.10.2025 19:00:00,0,0.032
06.10.2025 19:15:00,0,0.02
06.10.2025 19:30:00,0,0.02
06.10.2025 19:45:00,0,0.032
06.10.2025 20:00:00,0,0.056
06.10.2025 20:15:00,0,0.044
06.10.2025 20:30:00,0,0.052
06.10.2025 20:45:00,0,0.036
06.10.2025 21:00:00,0,0.028
06.10.2025 21:15:00,0,0.024
06.10.2025 21:30:00,0,0.028
06.10.2025 21:45:00,0,0.016
06.10.2025 22:00:00,0,0.576
06.10.2025 22:15:00,0,0.476
06.10.2025 22:30:00,0,1.032
06.10.2025 22:45:00,0,0.832
06.10.2025 23:00:00,0,0.224
06.10.2025 23:15:00,0,0.208
06.10.2025 23:30:00,0,1.34
06.10.2025 23:45:00,0,0.864
06.10.2025 24:00:00,0,0.172
07.10.2025 00:15:00,0,0.2
07.10.2025 00:30:00,0,0.224
07.10.2025 00:45:00,0,0.22
07.10.2025 01:00:00,0,0.2
07.10.2025 01:15:00,0,0.204
07.10.2025 01:30:00,0,0.164
07.10.2025 01:45:00,0,0.152
07.10.2025 02:00:00,0,0.16
07.10.2025 02:15:00,0,4.236
07.10.2025 02:30:00,0,4.432
07.10.2025 02:45:00,0,4.448
07.10.2025 03:00:00,0,4.504
07.10.2025 03:15:00,0,1.736
07.10.2025 03:30:00,0,0.268
07.10.2025 03:45:00,0,0.264
07.10.2025 04:00:00,0,0.568
07.10.2025 04:15:00,0,0.656
07.10.2025 04:30:00,0,0.684
07.10.2025 04:45:00,0,0.696
07.10.2025 05:00:00,0,0.68
07.10.2025 05:15:00,0,0.696
07.10.2025 05:30:00,0,0.644
07.10.2025 05:45:00,0,0.572
07.10.2025 06:00:00,0,0.636
07.10.2025 06:15:00,0,0.664
07.10.2025 06:30:00,0,0.656
07.10.2025 06:45:00,0,0.644
07.10.2025 07:00:00,0,0.584
07.10.2025 07:15:00,0,0.568
07.10.2025 07:30:00,0,0.556
07.10.2025 07:45:00,0,0.54
07.10.2025 08:00:00,0,0.524
07.10.2025 08:15:00,0,0.536
07.10.2025 08:30:00,0,0.5
07.10.2025 08:45:00,0,0.288
07.10.2025 09:00:00,0,0.184
07.10.2025 09:15:00,0,0.064
07.10.2025 09:30:00,0,0.056
07.10.2025 09:45:00,0,0.052
07.10.2025 10:00:00,0,0.064
07.10.2025 10:15:00,0.056,0
07.10.2025 10:30:00,0.108,0
07.10.2025 10:45:00,0.068,0
07.10.2025 11:00:00,0.128,0
07.10.2025 11:15:00,0,0.436
07.10.2025 11:30:00,0,0.168
07.10.2025 11:45:00,0,0.064
07.10.2025 12:00:00,0,0.048
07.10.2025 12:15:00,0.104,0
07.10.2025 12:30:00,0.168,0
07.10.2025 12:45:00,0.1,0
07.10.2025 13:00:00,0.16,0
07.10.2025 13:15:00,0,0.244
07.10.2025 13:30:00,0,0.368
07.10.2025 13:45:00,0,0.8
07.10.2025 14:00:00,0,0.404
07.10.2025 14:15:00,0.08,0
07.10.2025 14:30:00,0.064,0
07.10.2025 14:45:00,0.048,0
07.10.2025 15:00:00,0.068,0
07.10.2025 15:15:00,0,0.052
07.10.2025 15:30:00,0,0.08
07.10.2025 15:45:00,0,0.084
07.10.2025 16:00:00,0,0.06
07.10.2025 16:15:00,0,0.06
07.10.2025 16:30:00,0,0.06
07.10.2025 16:45:00,0,0.056
07.10.2025 17:00:00,0,0.056
07.10.2025 17:15:00,0.056,0
07.10.2025 17:30:00,0.06,0
07.10.2025 17:45:00,0.056,0
07.10.2025 18:00:00,0.044,0
07.10.2025 18:15:00,0,0.744
07.10.2025 18:30:00,0,3.348
07.10.2025 18:45:00,0,2.436
07.10.2025 19:00:00,0,0.596
07.10.2025 19:15:00,0,0.484
07.10.2025 19:30:00,0,0.764
07.10.2025 19:45:00,0,2.292
07.10.2025 20:00:00,0,1.016
07.10.2025 20:15:00,0,0.776
07.10.2025 20:30:00,0,2.136
07.10.2025 20:45:00,0,2.512
07.10.2025 21:00:00,0,1.716
07.10.2025 21:15:00,0,0.248
07.10.2025 21:30:00,0,0.252
07.10.2025 21:45:00,0,0.276
07.10.2025 22:00:00,0,0.332
07.10.2025 22:15:00,0,0.352
07.10.2025 22:30:00,0,0.364
07.10.2025 22:45:00,0,0.152
07.10.2025 23:00:00,0,0.012
07.10.2025 23:15:00,0,0.02
07.10.2025 23:30:00,0,0.024
07.10.2025 23:45:00,0,0.028
07.10.2025 24:00:00,0,0.02
08.10.2025 00:15:00,0,0.016
08.10.2025 00:30:00,0,0.024
08.10.2025 00:45:00,0,0.02
08.10.2025 01:00:00,0,0.016
08.10.2025 01:15:00,0,0.016
08.10.2025 01:30:00,0,0.016
08.10.2025 01:45:00,0,0.016
08.10.2025 02:00:00,0,0.012
08.10.2025 02:15:00,0,0.008
08.10.2025 02:30:00,0,0.016
08.10.2025 02:45:00,0,0.016
08.10.2025 03:00:00,0,0.012
08.10.2025 03:15:00,0,0.06
08.10.2025 03:30:00,0,0.052
08.10.2025 03:45:00,0,0.056
08.10.2025 04:00:00,0,0.032
08.10.2025 04:15:00,0,0.016
08.10.2025 04:30:00,0,0.008
08.10.2025 04:45:00,0,0.004
08.10.2025 05:00:00,0,0.012
08.10.2025 05:15:00,0,0.004
08.10.2025 05:30:00,0,0.012
08.10.2025 05:45:00,0,0.012
08.10.2025 06:00:00,0,0.024
08.10.2025 06:15:00,0,0.02
08.10.2025 06:30:00,0,0.012
08.10.2025 06:45:00,0,0.016
08.10.2025 07:00:00,0,0.012
08.10.2025 07:15:00,0,0.02
08.10.2025 07:30:00,0,0.04
08.10.2025 07:45:00,0,0.04
08.10.2025 08:00:00,0,0.028
08.10.2025 08:15:00,0,1.16
08.10.2025 08:30:00,0,1.892
08.10.2025 08:45:00,0,2.612
08.10.2025 09:00:00,0,3.064
08.10.2025 09:15:00,0,0.636
08.10.2025 09:30:00,0,0.176
08.10.2025 09:45:00,0,0.48
08.10.2025 10:00:00,0,0.084
08.10.2025 10:15:00,0.084,0
08.10.2025 10:30:00,1.152,0
08.10.2025 10:45:00,0.092,0
08.10.2025 11:00:00,0.156,0
08.10.2025 11:15:00,0,0.108
08.10.2025 11:30:00,0,0.06
08.10.2025 11:45:00,0,0.056
08.10.2025 12:00:00,0,0.048
08.10.2025 12:15:00,0.056,0
08.10.2025 12:30:00,0.06,0
08.10.2025 12:45:00,0.06,0
08.10.2025 13:00:00,0.072,0
08.10.2025 13:15:00,0,0.06
08.10.2025 13:30:00,0,0.064
08.10.2025 13:45:00,0,0.056
08.10.2025 14:00:00,0,0.056
08.10.2025 14:15:00,0.06,0
08.10.2025 14:30:00,0.052,0
08.10.2025 14:45:00,0.492,0
08.10.2025 15:00:00,0.564,0
08.10.2025 15:15:00,0,0.5
08.10.2025 15:30:00,0,1.592
08.10.2025 15:45:00,0,1.428
08.10.2025 16:00:00,0,1.428
08.10.2025 16:15:00,0,0.772
08.10.2025 16:30:00,0,1.5
08.10.2025 16:45:00,0,0.108
08.10.2025 17:00:00,0,1.448
08.10.2025 17:15:00,0.036,0
08.10.2025 17:30:00,0.024,0
08.10.2025 17:45:00,0.02,0
08.10.2025 18:00:00,0.02,0
08.10.2025 18:15:00,0,0.016
08.10.2025 18:30:00,0,0.02
08.10.2025 18:45:00,0,0.024
08.10.2025 19:00:00,0,0.016
08.10.2025 19:15:00,0,0.02
08.10.2025 19:30:00,0,0.02
08.10.2025 19:45:00,0,0.02
08.10.2025 20:00:00,0,0.016
08.10.2025 20:15:00,0,0.016
08.10.2025 20:30:00,0,0.016
08.10.2025 20:45:00,0,0.016
08.10.2025 21:00:00,0,0.016
08.10.2025 21:15:00,0,0.016
08.10.2025 21:30:00,0,0.028
08.10.2025 21:45:00,0,0.024
08.10.2025 22:00:00,0,0.008
08.10.2025 22:15:00,0,0.008
08.10.2025 22:30:00,0,0.028
08.10.2025 22:45:00,0,0
08.10.2025 23:00:00,0,0
08.10.2025 23:15:00,0,0
08.10.2025 23:30:00,0,0
08.10.2025 23:45:00,0,0
08.10.2025 24:00:00,0,0
09.10.2025 00:15:00,0,0.02
09.10.2025 00:30:00,0,0.024
09.10.2025 00:45:00,0,0.02
09.10.2025 01:00:00,0,0.028
09.10.2025 01:15:00,0,0.02
09.10.2025 01:30:00,0,0.024
09.10.2025 01:45:00,0,0.024
09.10.2025 02:00:00,0,0.02
09.10.2025 02:15:00,0,0.024
09.10.2025 02:30:00,0,0.02
09.10.2025 02:45:00,0,0.028
09.10.2025 03:00:00,0,0.02
09.10.2025 03:15:00,0,0.024
09.10.2025 03:30:00,0,0.02
09.10.2025 03:45:00,0,0.02
09.10.2025 04:00:00,0,0.016
09.10.2025 04:15:00,0,0.016
09.10.2025 04:30:00,0,0.02
09.10.2025 04:45:00,0,0.016
09.10.2025 05:00:00,0,0.024
09.10.2025 05:15:00,0,0.016
09.10.2025 05:30:00,0,0.024
09.10.2025 05:45:00,0,0.024
09.10.2025 06:00:00,0,0.02
09.10.2025 06:15:00,0,0
09.10.2025 06:30:00,0,0.012
09.10.2025 06:45:00,0,0
09.10.2025 07:00:00,0,0
09.10.2025 07:15:00,0,0
09.10.2025 07:30:00,0,0
09.10.2025 07:45:00,0,0
09.10.2025 08:00:00,0,0
09.10.2025 08:15:00,0,0.06
09.10.2025 08:30:00,0,0.956
09.10.2025 08:45:00,0,1.144
09.10.2025 09:00:00,0,0.032
09.10.2025 09:15:00,0,0.048
09.10.2025 09:30:00,0,0.056
09.10.2025 09:45:00,0,0.06
09.10.2025 10:00:00,0,0.06
09.10.2025 10:15:00,0.056,0
09.10.2025 10:30:00,0.052,0
09.10.2025 10:45:00,0.06,0
09.10.2025 11:00:00,0.064,0
09.10.2025 11:15:00,0,0.056
09.10.2025 11:30:00,0,0.064
09.10.2025 11:45:00,0,0.072
09.10.2025 12:00:00,0,0.08
09.10.2025 12:15:00,0.076,0
09.10.2025 12:30:00,0.06,0
09.10.2025 12:45:00,0.056,0
09.10.2025 13:00:00,0.06,0
09.10.2025 13:15:00,0,0.132
09.10.2025 13:30:00,0,0.108
09.10.2025 13:45:00,0,0.072
09.10.2025 14:00:00,0,0.068
09.10.2025 14:15:00,0.056,0
09.10.2025 14:30:00,0.068,0
09.10.2025 14:45:00,0.068,0
09.10.2025 15:00:00,0.072,0
09.10.2025 15:15:00,0,0.028
09.10.2025 15:30:00,0,0.836
09.10.2025 15:45:00,0,1.004
09.10.2025 16:00:00,0,1.372
09.10.2025 16:15:00,0,0.216
09.10.2025 16:30:00,0,0.116
09.10.2025 16:45:00,0,0.02
09.10.2025 17:00:00,0,0.008
09.10.2025 17:15:00,0.008,0
09.10.2025 17:30:00,0.064,0
09.10.2025 17:45:00,0.076,0
09.10.2025 18:00:00,0.044,0
09.10.2025 18:15:00,0,0.012
09.10.2025 18:30:00,0,0.028
09.10.2025 18:45:00,0,0.012
09.10.2025 19:00:00,0,0.016
09.10.2025 19:15:00,0,0.016
09.10.2025 19:30:00,0,0.016
09.10.2025 19:45:00,0,0.012
09.10.2025 20:00:00,0,0.016
09.10.2025 20:15:00,0,0.02
09.10.2025 20:30:00,0,0.068
09.10.2025 20:45:00,0,0.028
09.10.2025 21:00:00,0,0.048
09.10.2025 21:15:00,0,0.056
09.10.2025 21:30:00,0,0.02
09.10.2025 21:45:00,0,0.016
09.10.2025 22:00:00,0,0.02
09.10.2025 22:15:00,0,0.024
09.10.2025 22:30:00,0,0.012
09.10.2025 22:45:00,0,0.012
09.10.2025 23:00:00,0,0.008
09.10.2025 23:15:00,0,0.008
09.10.2025 23:30:00,0,0.02
09.10.2025 23:45:00,0,0.028
09.10.2025 24:00:00,0,0.016
10.10.2025 00:15:00,0,0.016
10.10.2025 00:30:00,0,0.016
10.10.2025 00:45:00,0,0.032
10.10.2025 01:00:00,0,0.016
10.10.2025 01:15:00,0,0.02
10.10.2025 01:30:00,0,0.016
10.10.2025 01:45:00,0,0.024
10.10.2025 02:00:00,0,0.024
10.10.2025 02:15:00,0,0.02
10.10.2025 02:30:00,0,0.024
10.10.2025 02:45:00,0,0.016
10.10.2025 03:00:00,0,0.02
10.10.2025 03:15:00,0,0.02
10.10.2025 03:30:00,0,0.016
10.10.2025 03:45:00,0,0.016
10.10.2025 04:00:00,0,0.016
10.10.2025 04:15:00,0,0.016
10.10.2025 04:30:00,0,0.016
10.10.2025 04:45:00,0,0.02
10.10.2025 05:00:00,0,0.028
10.10.2025 05:15:00,0,0.016
10.10.2025 05:30:00,0,0.012
10.10.2025 05:45:00,0,0.016
10.10.2025 06:00:00,0,0.016
10.10.2025 06:15:00,0,0.02
10.10.2025 06:30:00,0,0.016
10.10.2025 06:45:00,0,0.02
10.10.2025 07:00:00,0,0.012
10.10.2025 07:15:00,0,0.016
10.10.2025 07:30:00,0,0.032
10.10.2025 07:45:00,0,0.024
10.10.2025 08:00:00,0,0.38
10.10.2025 08:15:00,0,1.908
10.10.2025 08:30:00,0,2.004
10.10.2025 08:45:00,0,1.152
10.10.2025 09:00:00,0,0.068
10.10.2025 09:15:00,0,0.064
10.10.2025 09:30:00,0,0.064
10.10.2025 09:45:00,0,0.068
10.10.2025 10:00:00,0,0.524
10.10.2025 10:15:00,0.332,0
10.10.2025 10:30:00,0.1,0
10.10.2025 10:45:00,0.08,0
10.10.2025 11:00:00,0.064,0
10.10.2025 11:15:00,0,0.06
10.10.2025 11:30:00,0,0.064
10.10.2025 11:45:00,0,0.1
10.10.2025 12:00:00,0,0.076
10.10.2025 12:15:00,0.06,0
10.10.2025 12:30:00,0.068,0
10.10.2025 12:45:00,0.076,0
10.10.2025 13:00:00,0.124,0
10.10.2025 13:15:00,0,0.124
10.10.2025 13:30:00,0,0.084
10.10.2025 13:45:00,0,0.06
10.10.2025 14:00:00,0,0.068
10.10.2025 14:15:00,0.06,0
10.10.2025 14:30:00,0.224,0
10.10.2025 14:45:00,0.068,0
10.10.2025 15:00:00,1.944,0
10.10.2025 15:15:00,0,1.64
10.10.2025 15:30:00,0,1.936
10.10.2025 15:45:00,0,1.656
10.10.2025 16:00:00,0,1.696
10.10.2025 16:15:00,0,0.736
10.10.2025 16:30:00,0,0.084
10.10.2025 16:45:00,0,0.06
10.10.2025 17:00:00,0,0.068
10.10.2025 17:15:00,0.08,0
10.10.2025 17:30:00,0.104,0
10.10.2025 17:45:00,0.008,0
10.10.2025 18:00:00,0.016,0
10.10.2025 18:15:00,0,0.02
10.10.2025 18:30:00,0,0.016
10.10.2025 18:45:00,0,0.016
10.10.2025 19:00:00,0,0.016
10.10.2025 19:15:00,0,0.02
10.10.2025 19:30:00,0,0.012
10.10.2025 19:45:00,0,0
10.10.2025 20:00:00,0,0
10.10.2025 20:15:00,0,0
10.10.2025 20:30:00,0,0.028
10.10.2025 20:45:00,0,0.032
10.10.2025 21:00:00,0,0.036
10.10.2025 21:15:00,0,0.044
10.10.2025 21:30:00,0,0.02
10.10.2025 21:45:00,0,0.02
10.10.2025 22:00:00,0,0.024
10.10.2025 22:15:00,0,0.024
10.10.2025 22:30:00,0,0.024
10.10.2025 22:45:00,0,0.024
10.10.2025 23:00:00,0,0.028
10.10.2025 23:15:00,0,0.024
10.10.2025 23:30:00,0,0.028
10.10.2025 23:45:00,0,0.024
10.10.2025 24:00:00,0,0.024
11.10.2025 00:15:00,0,0.016
11.10.2025 00:30:00,0,0.024
11.10.2025 00:45:00,0,0.02
11.10.2025 01:00:00,0,0.032
11.10.2025 01:15:00,0,0
11.10.2025 01:30:00,0,0
11.10.2025 01:45:00,0,0
11.10.2025 02:00:00,0,0
11.10.2025 02:15:00,0,0
11.10.2025 02:30:00,0,0
11.10.2025 02:45:00,0,0.012
11.10.2025 03:00:00,0,0.02
11.10.2025 03:15:00,0,0.016
11.10.2025 03:30:00,0,0.02
11.10.2025 03:45:00,0,0.104
11.10.2025 04:00:00,0,0.104
11.10.2025 04:15:00,0,0.096
11.10.2025 04:30:00,0,0.104
11.10.2025 04:45:00,0,0.104
11.10.2025 05:00:00,0,0.1
11.10.2025 05:15:00,0,0.104
11.10.2025 05:30:00,0,0.148
11.10.2025 05:45:00,0,0.212
11.10.2025 06:00:00,0,0.208
11.10.2025 06:15:00,0,0.18
11.10.2025 06:30:00,0,0.104
11.10.2025 06:45:00,0,0.1
11.10.2025 07:00:00,0,0.104
11.10.2025 07:15:00,0,0.1
11.10.2025 07:30:00,0,0.1
11.10.2025 07:45:00,0,0.096
11.10.2025 08:00:00,0,0.076
11.10.2025 08:15:00,0,1.628
11.10.2025 08:30:00,0,1.932
11.10.2025 08:45:00,0,1.752
11.10.2025 09:00:00,0,0.236
11.10.2025 09:15:00,0,0.06
11.10.2025 09:30:00,0,0.06
11.10.2025 09:45:00,0,0.056
11.10.2025 10:00:00,0,0.056
11.10.2025 10:15:00,0.06,0
11.10.2025 10:30:00,0.06,0
11.10.2025 10:45:00,0.06,0
11.10.2025 11:00:00,0.06,0
11.10.2025 11:15:00,0,0.068
11.10.2025 11:30:00,0,0.056
11.10.2025 11:45:00,0,0.06
11.10.2025 12:00:00,0,0.06
11.10.2025 12:15:00,0.06,0
11.10.2025 12:30:00,0.064,0
11.10.2025 12:45:00,0.056,0
11.10.2025 13:00:00,0.06,0
11.10.2025 13:15:00,0,0.056
11.10.2025 13:30:00,0,0.056
11.10.2025 13:45:00,0,0.064
11.10.2025 14:00:00,0,0.092
11.10.2025 14:15:00,0.08,0
11.10.2025 14:30:00,0.064,0
11.10.2025 14:45:00,0.06,0
11.10.2025 15:00:00,0.06,0
11.10.2025 15:15:00,0,0.056
11.10.2025 15:30:00,0,0.06
11.10.2025 15:45:00,0,0.06
11.10.2025 16:00:00,0,0.056
11.10.2025 16:15:00,0,0.06
11.10.2025 16:30:00,0,0.056
11.10.2025 16:45:00,0,0.064
11.10.2025 17:00:00,0,0.06
11.10.2025 17:15:00,0.06,0
11.10.2025 17:30:00,0.092,0
11.10.2025 17:45:00,0.024,0
11.10.2025 18:00:00,0.02,0
11.10.2025 18:15:00,0,0.036
11.10.2025 18:30:00,0,0.048
11.10.2025 18:45:00,0,0.032
11.10.2025 19:00:00,0,0.032
11.10.2025 19:15:00,0,0.02
11.10.2025 19:30:00,0,0.02
11.10.2025 19:45:00,0,0.016
11.10.2025 20:00:00,0,0.02
11.10.2025 20:15:00,0,0.02
11.10.2025 20:30:00,0,0.024
11.10.2025 20:45:00,0,0.02
11.10.2025 21:00:00,0,0.02
11.10.2025 21:15:00,0,0.02
11.10.2025 21:30:00,0,0.02
11.10.2025 21:45:00,0,0.016
11.10.2025 22:00:00,0,0.02
11.10.2025 22:15:00,0,0.024
11.10.2025 22:30:00,0,0.028
11.10.2025 22:45:00,0,0.016
11.10.2025 23:00:00,0,0.024
11.10.2025 23:15:00,0,0.024
11.10.2025 23:30:00,0,0.008
11.10.2025 23:45:00,0,0
11.10.2025 24:00:00,0,0
12.10.2025 00:15:00,0,0
12.10.2025 00:30:00,0,0
12.10.2025 00:45:00,0,0
12.10.2025 01:00:00,0,0.016
12.10.2025 01:15:00,0,0.024
12.10.2025 01:30:00,0,0.016
12.10.2025 01:45:00,0,0.032
12.10.2025 02:00:00,0,0.024
12.10.2025 02:15:00,0,0.02
12.10.2025 02:30:00,0,0.02
12.10.2025 02:45:00,0,0.024
12.10.2025 03:00:00,0,0.008
12.10.2025 03:15:00,0,0.004
12.10.2025 03:30:00,0,0.024
12.10.2025 03:45:00,0,0.028
12.10.2025 04:00:00,0,0.028
12.10.2025 04:15:00,0,0.024
12.10.2025 04:30:00,0,0.02
12.10.2025 04:45:00,0,0.02
12.10.2025 05:00:00,0,0.02
12.10.2025 05:15:00,0,0.024
12.10.2025 05:30:00,0,0.02
12.10.2025 05:45:00,0,0.02
12.10.2025 06:00:00,0,0.024
12.10.2025 06:15:00,0,0.016
12.10.2025 06:30:00,0,0.02
12.10.2025 06:45:00,0,0.036
12.10.2025 07:00:00,0,0.02
12.10.2025 07:15:00,0,0.008
12.10.2025 07:30:00,0,0
12.10.2025 07:45:00,0,0.004
12.10.2025 08:00:00,0,0.016
12.10.2025 08:15:00,0,0.068
12.10.2025 08:30:00,0,0.04
12.10.2025 08:45:00,0,1.452
12.10.2025 09:00:00,0,1.328
12.10.2025 09:15:00,0,0.068
12.10.2025 09:30:00,0,0.084
12.10.2025 09:45:00,0,0.064
12.10.2025 10:00:00,0,0.06
12.10.2025 10:15:00,0.06,0
12.10.2025 10:30:00,0.056,0
12.10.2025 10:45:00,0.064,0
12.10.2025 11:00:00,0.064,0
12.10.2025 11:15:00,0,0.064
12.10.2025 11:30:00,0,0.06
12.10.2025 11:45:00,0,0.056
12.10.2025 12:00:00,0,0.068
12.10.2025 12:15:00,0.056,0
12.10.2025 12:30:00,0.068,0
12.10.2025 12:45:00,0.056,0
12.10.2025 13:00:00,0.068,0
12.10.2025 13:15:00,0,0.064
12.10.2025 13:30:00,0,0.06
12.10.2025 13:45:00,0,0.056
12.10.2025 14:00:00,0,0.064
12.10.2025 14:15:00,0.06,0
12.10.2025 14:30:00,0.064,0
12.10.2025 14:45:00,0.088,0
12.10.2025 15:00:00,0.072,0
12.10.2025 15:15:00,0,0.4
12.10.2025 15:30:00,0,0.072
12.10.2025 15:45:00,0,0.104
12.10.2025 16:00:00,0,0.072
12.10.2025 16:15:00,0,0.064
12.10.2025 16:30:00,0,0.06
12.10.2025 16:45:00,0,2.224
12.10.2025 17:00:00,0,1.816
12.10.2025 17:15:00,1.74,0
12.10.2025 17:30:00,0.716,0
12.10.2025 17:45:00,0.028,0
12.10.2025 18:00:00,0.016,0
12.10.2025 18:15:00,0,0.048
12.10.2025 18:30:00,0,0.072
12.10.2025 18:45:00,0,0.028
12.10.2025 19:00:00,0,0.036
12.10.2025 19:15:00,0,0.044
12.10.2025 19:30:00,0,0.044
12.10.2025 19:45:00,0,0.024
12.10.2025 20:00:00,0,0.016
12.10.2025 20:15:00,0,0.032
12.10.2025 20:30:00,0,0.016
12.10.2025 20:45:00,0,0.012
12.10.2025 21:00:00,0,0.016
12.10.2025 21:15:00,0,0.036
12.10.2025 21:30:00,0,0.012
12.10.2025 21:45:00,0,0.016
12.10.2025 22:00:00,0,0.012
12.10.2025 22:15:00,0,0.02
12.10.2025 22:30:00,0,0.028
12.10.2025 22:45:00,0,0.02
12.10.2025 23:00:00,0,0.016
12.10.2025 23:15:00,0,0.016
12.10.2025 23:30:00,0,0
12.10.2025 23:45:00,0,0
12.10.2025 24:00:00,0,0.004
13.10.2025 00:15:00,0,0.024
13.10.2025 00:30:00,0,0.02
13.10.2025 00:45:00,0,0.024
13.10.2025 01:00:00,0,0.02
13.10.2025 01:15:00,0,0.02
13.10.2025 01:30:00,0,0.024
13.10.2025 01:45:00,0,0.024
13.10.2025 02:00:00,0,0.02
13.10.2025 02:15:00,0,0.024
13.10.2025 02:30:00,0,0.02
13.10.2025 02:45:00,0,0.024
13.10.2025 03:00:00,0,0.02
13.10.2025 03:15:00,0,0.04
13.10.2025 03:30:00,0,0.02
13.10.2025 03:45:00,0,0.02
13.10.2025 04:00:00,0,0.024
13.10.2025 04:15:00,0,0.02
13.10.2025 04:30:00,0,0.024
13.10.2025 04:45:00,0,0.02
13.10.2025 05:00:00,0,0.016
13.10.2025 05:15:00,0,0.02
13.10.2025 05:30:00,0,0.02
13.10.2025 05:45:00,0,0.024
13.10.2025 06:00:00,0,0.136
13.10.2025 06:15:00,0,0.5
13.10.2025 06:30:00,0,1.128
13.10.2025 06:45:00,0,1.244
13.10.2025 07:00:00,0,1.328
13.10.2025 07:15:00,0,0.784
13.10.2025 07:30:00,0,0.16
13.10.2025 07:45:00,0,0.14
13.10.2025 08:00:00,0,0.124
13.10.2025 08:15:00,0,0.488
13.10.2025 08:30:00,0,0.108
13.10.2025 08:45:00,0,0.052
13.10.2025 09:00:00,0,0.06
13.10.2025 09:15:00,0,0.052
13.10.2025 09:30:00,0,0.052
13.10.2025 09:45:00,0,0.052
13.10.2025 10:00:00,0,0.148
13.10.2025 10:15:00,0.08,0
13.10.2025 10:30:00,0.056,0
13.10.2025 10:45:00,0.052,0
13.10.2025 11:00:00,0.052,0
13.10.2025 11:15:00,0,0.064
13.10.2025 11:30:00,0,0.36
13.10.2025 11:45:00,0,1.66
13.10.2025 12:00:00,0,0.584
13.10.2025 12:15:00,0.476,0
13.10.2025 12:30:00,0.12,0
13.10.2025 12:45:00,0.5,0
13.10.2025 13:00:00,0.08,0
13.10.2025 13:15:00,0,0.516
13.10.2025 13:30:00,0,0.224
13.10.2025 13:45:00,0,0.056
13.10.2025 14:00:00,0,0.044
13.10.2025 14:15:00,0.032,0
13.10.2025 14:30:00,0,0
13.10.2025 14:45:00,0,0
13.10.2025 15:00:00,0.012,0
13.10.2025 15:15:00,0,0.012
13.10.2025 15:30:00,0,0.008
13.10.2025 15:45:00,0,0.012
13.10.2025 16:00:00,0,0
13.10.2025 16:15:00,0,0
13.10.2025 16:30:00,0,0
13.10.2025 16:45:00,0,0.108
13.10.2025 17:00:00,0,0
13.10.2025 17:15:00,0.004,0
13.10.2025 17:30:00,0.052,0
13.10.2025 17:45:00,0.176,0
13.10.2025 18:00:00,0.116,0
13.10.2025 18:15:00,0,0.108
13.10.2025 18:30:00,0,0.096
13.10.2025 18:45:00,0,0.064
13.10.2025 19:00:00,0,0.02
13.10.2025 19:15:00,0,0.056
13.10.2025 19:30:00,0,0.048
13.10.2025 19:45:00,0,0.06
13.10.2025 20:00:00,0,0.044
13.10.2025 20:15:00,0,0.108
13.10.2025 20:30:00,0,0.072
13.10.2025 20:45:00,0,0.056
13.10.2025 21:00:00,0,0.028
13.10.2025 21:15:00,0,0.012
13.10.2025 21:30:00,0,0.016
13.10.2025 21:45:00,0,0
13.10.2025 22:00:00,0,0
13.10.2025 22:15:00,0,0.008
13.10.2025 22:30:00,0,0.02
13.10.2025 22:45:00,0,0.02
13.10.2025 23:00:00,0,0.024
13.10.2025 23:15:00,0,0.024
13.10.2025 23:30:00,0,0.024
13.10.2025 23:45:00,0,0.028
13.10.2025 24:00:00,0,0.024
14.10.2025 00:15:00,0,0.024
14.10.2025 00:30:00,0,0.02
14.10.2025 00:45:00,0,0.024
14.10.2025 01:00:00,0,0.024
14.10.2025 01:15:00,0,0.024
14.10.2025 01:30:00,0,0.024
14.10.2025 01:45:00,0,0.016
14.10.2025 02:00:00,0,0.02
14.10.2025 02:15:00,0,0.216
14.10.2025 02:30:00,0,2.008
14.10.2025 02:45:00,0,1.98
14.10.2025 03:00:00,0,1.996
14.10.2025 03:15:00,0,2.34
14.10.2025 03:30:00,0,3.456
14.10.2025 03:45:00,0,0.224
14.10.2025 04:00:00,0,0.412
14.10.2025 04:15:00,0,0.632
14.10.2025 04:30:00,0,0.66
14.10.2025 04:45:00,0,0.676
14.10.2025 05:00:00,0,0.68
14.10.2025 05:15:00,0,0.724
14.10.2025 05:30:00,0,0.768
14.10.2025 05:45:00,0,0.78
14.10.2025 06:00:00,0,0.776
14.10.2025 06:15:00,0,1.192
14.10.2025 06:30:00,0,1.116
14.10.2025 06:45:00,0,0.988
14.10.2025 07:00:00,0,0.956
14.10.2025 07:15:00,0,0.768
14.10.2025 07:30:00,0,0.732
14.10.2025 07:45:00,0,0.704
14.10.2025 08:00:00,0,0.584
14.10.2025 08:15:00,0,0.608
14.10.2025 08:30:00,0,0.496
14.10.2025 08:45:00,0,0.352
14.10.2025 09:00:00,0,0.076
14.10.2025 09:15:00,0,0.052
14.10.2025 09:30:00,0,0.068
14.10.2025 09:45:00,0,0.496
14.10.2025 10:00:00,0,0.116
14.10.2025 10:15:00,0.1,0
14.10.2025 10:30:00,0.12,0
14.10.2025 10:45:00,0.096,0
14.10.2025 11:00:00,0.22,0
14.10.2025 11:15:00,0,0.084
14.10.2025 11:30:00,0,0.656
14.10.2025 11:45:00,0,0.564
14.10.2025 12:00:00,0,0.072
14.10.2025 12:15:00,0.056,0
14.10.2025 12:30:00,0.08,0
14.10.2025 12:45:00,0.088,0
14.10.2025 13:00:00,0.096,0
14.10.2025 13:15:00,0,0.088
14.10.2025 13:30:00,0,0.076
14.10.2025 13:45:00,0,0.108
14.10.2025 14:00:00,0,0.104
14.10.2025 14:15:00,0.08,0
14.10.2025 14:30:00,0.076,0
14.10.2025 14:45:00,0.204,0
14.10.2025 15:00:00,0.112,0
14.10.2025 15:15:00,0,0.084
14.10.2025 15:30:00,0,0.068
14.10.2025 15:45:00,0,0.072
14.10.2025 16:00:00,0,0.088
14.10.2025 16:15:00,0,0.064
14.10.2025 16:30:00,0,0.068
14.10.2025 16:45:00,0,0.192
14.10.2025 17:00:00,0,0.092
14.10.2025 17:15:00,0.06,0
14.10.2025 17:30:00,0.02,0
14.10.2025 17:45:00,0.024,0
14.10.2025 18:00:00,0.02,0
14.10.2025 18:15:00,0,0.032
14.10.2025 18:30:00,0,0.008
14.10.2025 18:45:00,0,0.052
14.10.2025 19:00:00,0,0.04
14.10.2025 19:15:00,0,0.028
14.10.2025 19:30:00,0,0.044
14.10.2025 19:45:00,0,0.02
14.10.2025 20:00:00,0,0.08
14.10.2025 20:15:00,0,0.052
14.10.2025 20:30:00,0,0.04
14.10.2025 20:45:00,0,0.028
14.10.2025 21:00:00,0,0.024
14.10.2025 21:15:00,0,0.04
14.10.2025 21:30:00,0,0.016
14.10.2025 21:45:00,0,0.012
14.10.2025 22:00:00,0,0.02
14.10.2025 22:15:00,0,0.02
14.10.2025 22:30:00,0,0.02
14.10.2025 22:45:00,0,0.02
14.10.2025 23:00:00,0,0.036
14.10.2025 23:15:00,0,0.024
14.10.2025 23:30:00,0,0.024
14.10.2025 23:45:00,0,0.024
14.10.2025 24:00:00,0,0.016
15.10.2025 00:15:00,0,0.02
15.10.2025 00:30:00,0,0.024
15.10.2025 00:45:00,0,0.032
15.10.2025 01:00:00,0,0.024
15.10.2025 01:15:00,0,0.02
15.10.2025 01:30:00,0,0.016
15.10.2025 01:45:00,0,0.02
15.10.2025 02:00:00,0,0.024
15.10.2025 02:15:00,0,0.024
15.10.2025 02:30:00,0,0.02
15.10.2025 02:45:00,0,0.024
15.10.2025 03:00:00,0,0.02
15.10.2025 03:15:00,0,0.032
15.10.2025 03:30:00,0,0.052
15.10.2025 03:45:00,0,1.24
15.10.2025 04:00:00,0,1.32
15.10.2025 04:15:00,0,0.776
15.10.2025 04:30:00,0,0.104
15.10.2025 04:45:00,0,0.104
15.10.2025 05:00:00,0,0.104
15.10.2025 05:15:00,0,0.108
15.10.2025 05:30:00,0,0.16
15.10.2025 05:45:00,0,0.18
15.10.2025 06:00:00,0,0.144
15.10.2025 06:15:00,0,0.208
15.10.2025 06:30:00,0,0.2
15.10.2025 06:45:00,0,0.216
15.10.2025 07:00:00,0,0.192
15.10.2025 07:15:00,0,0.196
15.10.2025 07:30:00,0,0.184
15.10.2025 07:45:00,0,0.208
15.10.2025 08:00:00,0,0.152
15.10.2025 08:15:00,0,0.788
15.10.2025 08:30:00,0,0.952
15.10.2025 08:45:00,0,0.856
15.10.2025 09:00:00,0,0.856
15.10.2025 09:15:00,0,0.644
15.10.2025 09:30:00,0,0.336
15.10.2025 09:45:00,0,0.244
15.10.2025 10:00:00,0,0.64
15.10.2025 10:15:00,0.084,0
15.10.2025 10:30:00,0.076,0
15.10.2025 10:45:00,0.1,0
15.10.2025 11:00:00,0.112,0
15.10.2025 11:15:00,0,0.044
15.10.2025 11:30:00,0,0.084
15.10.2025 11:45:00,0,0.704
15.10.2025 12:00:00,0,0.668
15.10.2025 12:15:00,0.112,0
15.10.2025 12:30:00,0.092,0
15.10.2025 12:45:00,0.056,0
15.10.2025 13:00:00,1.6,0
15.10.2025 13:15:00,0,1.284
15.10.2025 13:30:00,0,1.052
15.10.2025 13:45:00,0,0.196
15.10.2025 14:00:00,0,0.06
15.10.2025 14:15:00,0.064,0
15.10.2025 14:30:00,0.056,0
15.10.2025 14:45:00,0.06,0
15.10.2025 15:00:00,0.604,0
15.10.2025 15:15:00,0,0.736
15.10.2025 15:30:00,0,0.664
15.10.2025 15:45:00,0,0.056
15.10.2025 16:00:00,0,0.024
15.10.2025 16:15:00,0,0.068
15.10.2025 16:30:00,0,0.02
15.10.2025 16:45:00,0,0.092
15.10.2025 17:00:00,0,1.576
15.10.2025 17:15:00,1.756,0
15.10.2025 17:30:00,1.724,0
15.10.2025 17:45:00,1.464,0
15.10.2025 18:00:00,0.032,0
15.10.2025 18:15:00,0,0.02
15.10.2025 18:30:00,0,0.028
15.10.2025 18:45:00,0,0.02
15.10.2025 19:00:00,0,0.02
15.10.2025 19:15:00,0,0.028
15.10.2025 19:30:00,0,0.028
15.10.2025 19:45:00,0,0.016
15.10.2025 20:00:00,0,0.016
15.10.2025 20:15:00,0,0.02
15.10.2025 20:30:00,0,0.02
15.10.2025 20:45:00,0,0.02
15.10.2025 21:00:00,0,0.016
15.10.2025 21:15:00,0,0.028
15.10.2025 21:30:00,0,0.016
15.10.2025 21:45:00,0,0.024
15.10.2025 22:00:00,0,0.028
15.10.2025 22:15:00,0,0.024
15.10.2025 22:30:00,0,0.02
15.10.2025 22:45:00,0,0.028
15.10.2025 23:00:00,0,0.02
15.10.2025 23:15:00,0,0.024
15.10.2025 23:30:00,0,0.024
15.10.2025 23:45:00,0,0.032
15.10.2025 24:00:00,0,0.052
16.10.2025 00:15:00,0,0.044
16.10.2025 00:30:00,0,0.02
16.10.2025 00:45:00,0,0.016
16.10.2025 01:00:00,0,0.02
16.10.2025 01:15:00,0,0.028
16.10.2025 01:30:00,0,0.036
16.10.2025 01:45:00,0,0.032
16.10.2025 02:00:00,0,0.036
16.10.2025 02:15:00,0,0.456
16.10.2025 02:30:00,0,0.756
16.10.2025 02:45:00,0,0.76
16.10.2025 03:00:00,0,0.744
16.10.2025 03:15:00,0,0.608
16.10.2025 03:30:00,0,0.528
16.10.2025 03:45:00,0,0.536
16.10.2025 04:00:00,0,0.536
16.10.2025 04:15:00,0,0.528
16.10.2025 04:30:00,0,0.536
16.10.2025 04:45:00,0,0.5
16.10.2025 05:00:00,0,0.232
16.10.2025 05:15:00,0,0.236
16.10.2025 05:30:00,0,0.232
16.10.2025 05:45:00,0,0.22
16.10.2025 06:00:00,0,0.18
16.10.2025 06:15:00,0,0.2
16.10.2025 06:30:00,0,0.808
16.10.2025 06:45:00,0,0.944
16.10.2025 07:00:00,0,1.06
16.10.2025 07:15:00,0,1.06
16.10.2025 07:30:00,0,0.992
16.10.2025 07:45:00,0,0.952
16.10.2025 08:00:00,0,0.816
16.10.2025 08:15:00,0,0.664
16.10.2025 08:30:00,0,0.568
16.10.2025 08:45:00,0,0.512
16.10.2025 09:00:00,0,0.356
16.10.2025 09:15:00,0,0.32
16.10.2025 09:30:00,0,0.24
16.10.2025 09:45:00,0,1.248
16.10.2025 10:00:00,0,0.848
16.10.2025 10:15:00,0.084,0
16.10.2025 10:30:00,0.096,0
16.10.2025 10:45:00,1.016,0
16.10.2025 11:00:00,1.444,0
16.10.2025 11:15:00,0,1.184
16.10.2025 11:30:00,0,0.656
16.10.2025 11:45:00,0,0.076
16.10.2025 12:00:00,0,0.072
16.10.2025 12:15:00,0.06,0
16.10.2025 12:30:00,0.076,0
16.10.2025 12:45:00,0.08,0
16.10.2025 13:00:00,0.064,0
16.10.2025 13:15:00,0,0.096
16.10.2025 13:30:00,0,0.072
16.10.2025 13:45:00,0,0.1
16.10.2025 14:00:00,0,0.1
16.10.2025 14:15:00,0.236,0
16.10.2025 14:30:00,0.064,0
16.10.2025 14:45:00,0.004,0
16.10.2025 15:00:00,0.04,0
16.10.2025 15:15:00,0,0.064
16.10.2025 15:30:00,0,0.088
16.10.2025 15:45:00,0,0.068
16.10.2025 16:00:00,0,0.172
16.10.2025 16:15:00,0,0.02
16.10.2025 16:30:00,0,0.512
16.10.2025 16:45:00,0,0.052
16.10.2025 17:00:00,0,0.028
16.10.2025 17:15:00,0.012,0
16.10.2025 17:30:00,0.016,0
16.10.2025 17:45:00,0.048,0
16.10.2025 18:00:00,0.092,0
16.10.2025 18:15:00,0,0.076
16.10.2025 18:30:00,0,1.22
16.10.2025 18:45:00,0,2.024
16.10.2025 19:00:00,0,0.528
16.10.2025 19:15:00,0,0.204
16.10.2025 19:30:00,0,0.284
16.10.2025 19:45:00,0,0.38
16.10.2025 20:00:00,0,0.536
16.10.2025 20:15:00,0,0.64
16.10.2025 20:30:00,0,0.324
16.10.2025 20:45:00,0,0.328
16.10.2025 21:00:00,0,0.332
16.10.2025 21:15:00,0,0.328
16.10.2025 21:30:00,0,0.34
16.10.2025 21:45:00,0,0.328
16.10.2025 22:00:00,0,0.372
16.10.2025 22:15:00,0,0.624
16.10.2025 22:30:00,0,0.328
16.10.2025 22:45:00,0,0.312
16.10.2025 23:00:00,0,0.268
16.10.2025 23:15:00,0,0.192
16.10.2025 23:30:00,0,0.148
16.10.2025 23:45:00,0,0.116
16.10.2025 24:00:00,0,0.112
17.10.2025 00:15:00,0,0.116
17.10.2025 00:30:00,0,0.188
17.10.2025 00:45:00,0,0.188
17.10.2025 01:00:00,0,0.204
17.10.2025 01:15:00,0,0.2
17.10.2025 01:30:00,0,0.128
17.10.2025 01:45:00,0,0.144
17.10.2025 02:00:00,0,0.112
17.10.2025 02:15:00,0,0.12
17.10.2025 02:30:00,0,0.108
17.10.2025 02:45:00,0,0.116
17.10.2025 03:00:00,0,0.168
17.10.2025 03:15:00,0,0.212
17.10.2025 03:30:00,0,0.2
17.10.2025 03:45:00,0,0.192
17.10.2025 04:00:00,0,0.116
17.10.2025 04:15:00,0,0.112
17.10.2025 04:30:00,0,0.1
17.10.2025 04:45:00,0,0.112
17.10.2025 05:00:00,0,0.132
17.10.2025 05:15:00,0,0.132
17.10.2025 05:30:00,0,0.136
17.10.2025 05:45:00,0,0.188
17.10.2025 06:00:00,0,0.768
17.10.2025 06:15:00,0,1.184
17.10.2025 06:30:00,0,1.224
17.10.2025 06:45:00,0,1.272
17.10.2025 07:00:00,0,0.688
17.10.2025 07:15:00,0,0.132
17.10.2025 07:30:00,0,0.124
17.10.2025 07:45:00,0,0.128
17.10.2025 08:00:00,0,0.688
17.10.2025 08:15:00,0,0.264
17.10.2025 08:30:00,0,0.34
17.10.2025 08:45:00,0,0.24
17.10.2025 09:00:00,0,0.156
17.10.2025 09:15:00,0,0.06
17.10.2025 09:30:00,0,0.06
17.10.2025 09:45:00,0,0.104
17.10.2025 10:00:00,0,0.056
17.10.2025 10:15:00,0.056,0
17.10.2025 10:30:00,0.06,0
17.10.2025 10:45:00,0.068,0
17.10.2025 11:00:00,0.056,0
17.10.2025 11:15:00,0,0.068
17.10.2025 11:30:00,0,0.08
17.10.2025 11:45:00,0,0.068
17.10.2025 12:00:00,0,0.056
17.10.2025 12:15:00,0.992,0
17.10.2025 12:30:00,1.448,0
17.10.2025 12:45:00,1.272,0
17.10.2025 13:00:00,1.424,0
17.10.2025 13:15:00,0,0.076
17.10.2025 13:30:00,0,0.076
17.10.2025 13:45:00,0,0.06
17.10.2025 14:00:00,0,0.06
17.10.2025 14:15:00,0.052,0
17.10.2025 14:30:00,0.068,0
17.10.2025 14:45:00,0.06,0
17.10.2025 15:00:00,0.056,0
17.10.2025 15:15:00,0,0.06
17.10.2025 15:30:00,0,0.056
17.10.2025 15:45:00,0,0.06
17.10.2025 16:00:00,0,0.052
17.10.2025 16:15:00,0,0.08
17.10.2025 16:30:00,0,0.2
17.10.2025 16:45:00,0,0.068
17.10.2025 17:00:00,0,0.06
17.10.2025 17:15:00,0.064,0
17.10.2025 17:30:00,1.864,0
17.10.2025 17:45:00,0.828,0
17.10.2025 18:00:00,0.072,0
17.10.2025 18:15:00,0,0.068
17.10.2025 18:30:00,0,0.088
17.10.2025 18:45:00,0,0.1
17.10.2025 19:00:00,0,0.088
17.10.2025 19:15:00,0,0.08
17.10.2025 19:30:00,0,0.04
17.10.2025 19:45:00,0,0.024
17.10.2025 20:00:00,0,1
17.10.2025 20:15:00,0,0.396
17.10.2025 20:30:00,0,0.244
17.10.2025 20:45:00,0,0.248
17.10.2025 21:00:00,0,0.268
17.10.2025 21:15:00,0,0.32
17.10.2025 21:30:00,0,0.364
17.10.2025 21:45:00,0,0.408
17.10.2025 22:00:00,0,0.292
17.10.2025 22:15:00,0,0.956
17.10.2025 22:30:00,0,0.716
17.10.2025 22:45:00,0,1.54
17.10.2025 23:00:00,0,1.428
17.10.2025 23:15:00,0,1.236
17.10.2025 23:30:00,0,1.36
17.10.2025 23:45:00,0,1.856
17.10.2025 24:00:00,0,0.188
18.10.2025 00:15:00,0,0.196
18.10.2025 00:30:00,0,0.208
18.10.2025 00:45:00,0,0.216
18.10.2025 01:00:00,0,0.156
18.10.2025 01:15:00,0,0.12
18.10.2025 01:30:00,0,0.116
18.10.2025 01:45:00,0,0.12
18.10.2025 02:00:00,0,0.112
18.10.2025 02:15:00,0,0.116
18.10.2025 02:30:00,0,0.116
18.10.2025 02:45:00,0,0.152
18.10.2025 03:00:00,0,0.204
18.10.2025 03:15:00,0,0.2
18.10.2025 03:30:00,0,0.204
18.10.2025 03:45:00,0,0.188
18.10.2025 04:00:00,0,0.2
18.10.2025 04:15:00,0,0.188
18.10.2025 04:30:00,0,0.644
18.10.2025 04:45:00,0,0.636
18.10.2025 05:00:00,0,0.656
18.10.2025 05:15:00,0,0.84
18.10.2025 05:30:00,0,0.876
18.10.2025 05:45:00,0,0.96
18.10.2025 06:00:00,0,0.968
18.10.2025 06:15:00,0,1.268
18.10.2025 06:30:00,0,1.128
18.10.2025 06:45:00,0,0.96
18.10.2025 07:00:00,0,0.784
18.10.2025 07:15:00,0,0.724
18.10.2025 07:30:00,0,0.608
18.10.2025 07:45:00,0,0.596
18.10.2025 08:00:00,0,0.796
18.10.2025 08:15:00,0,3.064
18.10.2025 08:30:00,0,1.748
18.10.2025 08:45:00,0,1.692
18.10.2025 09:00:00,0,1.288
18.10.2025 09:15:00,0,0.584
18.10.2025 09:30:00,0,0.132
18.10.2025 09:45:00,0,0.06
18.10.2025 10:00:00,0,0.068
18.10.2025 10:15:00,0.216,0
18.10.2025 10:30:00,0.096,0
18.10.2025 10:45:00,0.156,0
18.10.2025 11:00:00,0.08,0
18.10.2025 11:15:00,0,0.468
18.10.2025 11:30:00,0,0.3
18.10.2025 11:45:00,0,0.272
18.10.2025 12:00:00,0,0.496
18.10.2025 12:15:00,1.408,0
18.10.2025 12:30:00,0.812,0
18.10.2025 12:45:00,0.536,0
18.10.2025 13:00:00,0.124,0
18.10.2025 13:15:00,0,0.132
18.10.2025 13:30:00,0,0.36
18.10.2025 13:45:00,0,0.268
18.10.2025 14:00:00,0,0.464
18.10.2025 14:15:00,0.1,0
18.10.2025 14:30:00,0.116,0
18.10.2025 14:45:00,0.052,0
18.10.2025 15:00:00,0.12,0
18.10.2025 15:15:00,0,0.224
18.10.2025 15:30:00,0,0.324
18.10.2025 15:45:00,0,1.992
18.10.2025 16:00:00,0,0.368
18.10.2025 16:15:00,0,0.14
18.10.2025 16:30:00,0,0.048
18.10.2025 16:45:00,0,0.236
18.10.2025 17:00:00,0,0.416
18.10.2025 17:15:00,0.712,0
18.10.2025 17:30:00,0.42,0
18.10.2025 17:45:00,0.016,0
18.10.2025 18:00:00,0.076,0
18.10.2025 18:15:00,0,0.064
18.10.2025 18:30:00,0,0.052
18.10.2025 18:45:00,0,0.032
18.10.2025 19:00:00,0,0.044
18.10.2025 19:15:00,0,0.04
18.10.2025 19:30:00,0,0.028
18.10.2025 19:45:00,0,0.024
18.10.2025 20:00:00,0,0.056
18.10.2025 20:15:00,0,0.02
18.10.2025 20:30:00,0,0.016
18.10.2025 20:45:00,0,0.02
18.10.2025 21:00:00,0,0.024
18.10.2025 21:15:00,0,0.032
18.10.2025 21:30:00,0,0.068
18.10.2025 21:45:00,0,0.016
18.10.2025 22:00:00,0,0.032
18.10.2025 22:15:00,0,0.056
18.10.2025 22:30:00,0,1.896
18.10.2025 22:45:00,0,1.364
18.10.2025 23:00:00,0,0.976
18.10.2025 23:15:00,0,0.66
18.10.2025 23:30:00,0,0.648
18.10.2025 23:45:00,0,0.648
18.10.2025 24:00:00,0,0.64
19.10.2025 00:15:00,0,0.792
19.10.2025 00:30:00,0,1.092
19.10.2025 00:45:00,0,1.168
19.10.2025 01:00:00,0,1.24
19.10.2025 01:15:00,0,0.66
19.10.2025 01:30:00,0,0.208
19.10.2025 01:45:00,0,0.224
19.10.2025 02:00:00,0,0.72
19.10.2025 02:15:00,0,0.776
19.10.2025 02:30:00,0,0.776
19.10.2025 02:45:00,0,1.02
19.10.2025 03:00:00,0,0.956
19.10.2025 03:15:00,0,0.924
19.10.2025 03:30:00,0,0.924
19.10.2025 03:45:00,0,0.932
19.10.2025 04:00:00,0,0.932
19.10.2025 04:15:00,0,0.964
19.10.2025 04:30:00,0,1.028
19.10.2025 04:45:00,0,1.024
19.10.2025 05:00:00,0,1.024
19.10.2025 05:15:00,0,0.984
19.10.2025 05:30:00,0,0.932
19.10.2025 05:45:00,0,0.92
19.10.2025 06:00:00,0,0.86
19.10.2025 06:15:00,0,1.196
19.10.2025 06:30:00,0,1.616
19.10.2025 06:45:00,0,1.684
19.10.2025 07:00:00,0,1.748
19.10.2025 07:15:00,0,1.72
19.10.2025 07:30:00,0,1.576
19.10.2025 07:45:00,0,1.396
19.10.2025 08:00:00,0,1.26
19.10.2025 08:15:00,0,0.832
19.10.2025 08:30:00,0,1.844
19.10.2025 08:45:00,0,1.88
19.10.2025 09:00:00,0,1.876
19.10.2025 09:15:00,0,0.988
19.10.2025 09:30:00,0,0.66
19.10.2025 09:45:00,0,0.444
19.10.2025 10:00:00,0,0.076
19.10.2025 10:15:00,0.124,0
19.10.2025 10:30:00,0.076,0
19.10.2025 10:45:00,0.668,0
19.10.2025 11:00:00,1.252,0
19.10.2025 11:15:00,0,0.68
19.10.2025 11:30:00,0,0.436
19.10.2025 11:45:00,0,0.516
19.10.2025 12:00:00,0,0.484
19.10.2025 12:15:00,0.328,0
19.10.2025 12:30:00,0.424,0
19.10.2025 12:45:00,0.052,0
19.10.2025 13:00:00,0.068,0
19.10.2025 13:15:00,0,0.064
19.10.2025 13:30:00,0,0.06
19.10.2025 13:45:00,0,0.064
19.10.2025 14:00:00,0,0.06
19.10.2025 14:15:00,0.064,0
19.10.2025 14:30:00,0.068,0
19.10.2025 14:45:00,0.016,0
19.10.2025 15:00:00,0,0
19.10.2025 15:15:00,0,0.004
19.10.2025 15:30:00,0,0
19.10.2025 15:45:00,0,0
19.10.2025 16:00:00,0,0
19.10.2025 16:15:00,0,0
19.10.2025 16:30:00,0,0.004
19.10.2025 16:45:00,0,0.064
19.10.2025 17:00:00,0,1.316
19.10.2025 17:15:00,1.744,0
19.10.2025 17:30:00,1.868,0
19.10.2025 17:45:00,0.428,0
19.10.2025 18:00:00,0.028,0
19.10.2025 18:15:00,0,0.04
19.10.2025 18:30:00,0,0.028
19.10.2025 18:45:00,0,0.012
19.10.2025 19:00:00,0,0.028
19.10.2025 19:15:00,0,0.032
19.10.2025 19:30:00,0,0.056
19.10.2025 19:45:00,0,0.092
19.10.2025 20:00:00,0,0.068
19.10.2025 20:15:00,0,0.024
19.10.2025 20:30:00,0,0.028
19.10.2025 20:45:00,0,0.032
19.10.2025 21:00:00,0,0.06
19.10.2025 21:15:00,0,0.012
19.10.2025 21:30:00,0,0.012
19.10.2025 21:45:00,0,0.016
19.10.2025 22:00:00,0,0.016
19.10.2025 22:15:00,0,0.016
19.10.2025 22:30:00,0,0.028
19.10.2025 22:45:00,0,0.028
19.10.2025 23:00:00,0,0.012
19.10.2025 23:15:00,0,0.212
19.10.2025 23:30:00,0,0.316
19.10.2025 23:45:00,0,0.224
19.10.2025 24:00:00,0,0.232
20.10.2025 00:15:00,0,0.196
20.10.2025 00:30:00,0,0.228
20.10.2025 00:45:00,0,1.024
20.10.2025 01:00:00,0,1.14
20.10.2025 01:15:00,0,1.276
20.10.2025 01:30:00,0,1.336
20.10.2025 01:45:00,0,0.828
20.10.2025 02:00:00,0,0.272
20.10.2025 02:15:00,0,0.216
20.10.2025 02:30:00,0,0.648
20.10.2025 02:45:00,0,0.696
20.10.2025 03:00:00,0,0.704
20.10.2025 03:15:00,0,0.716
20.10.2025 03:30:00,0,0.72
20.10.2025 03:45:00,0,0.764
20.10.2025 04:00:00,0,0.808
20.10.2025 04:15:00,0,0.8
20.10.2025 04:30:00,0,0.808
20.10.2025 04:45:00,0,0.756
20.10.2025 05:00:00,0,0.736
20.10.2025 05:15:00,0,0.744
20.10.2025 05:30:00,0,0.744
20.10.2025 05:45:00,0,0.792
20.10.2025 06:00:00,0,0.912
20.10.2025 06:15:00,0,1.28
20.10.2025 06:30:00,0,1.092
20.10.2025 06:45:00,0,1.38
20.10.2025 07:00:00,0,1.656
20.10.2025 07:15:00,0,1.608
20.10.2025 07:30:00,0,1.452
20.10.2025 07:45:00,0,1.336
20.10.2025 08:00:00,0,1.164
20.10.2025 08:15:00,0,1.88
20.10.2025 08:30:00,0,1.6
20.10.2025 08:45:00,0,1.356
20.10.2025 09:00:00,0,1.612
20.10.2025 09:15:00,0,0.584
20.10.2025 09:30:00,0,0.104
20.10.2025 09:45:00,0,0.072
20.10.2025 10:00:00,0,0.092
20.10.2025 10:15:00,0.096,0
20.10.2025 10:30:00,0.108,0
20.10.2025 10:45:00,0.076,0
20.10.2025 11:00:00,0.064,0
20.10.2025 11:15:00,0,0.096
20.10.2025 11:30:00,0,0.076
20.10.2025 11:45:00,0,0.088
20.10.2025 12:00:00,0,0.572
20.10.2025 12:15:00,0.208,0
20.10.2025 12:30:00,0.248,0
20.10.2025 12:45:00,0.14,0
20.10.2025 13:00:00,0.136,0
20.10.2025 13:15:00,0,0.088
20.10.2025 13:30:00,0,0.08
20.10.2025 13:45:00,0,0.076
20.10.2025 14:00:00,0,0.052
20.10.2025 14:15:00,0,0
20.10.2025 14:30:00,0,0
20.10.2025 14:45:00,0,0
20.10.2025 15:00:00,0,0
20.10.2025 15:15:00,0,0.024
20.10.2025 15:30:00,0,0.232
20.10.2025 15:45:00,0,0.364
20.10.2025 16:00:00,0,0.4
20.10.2025 16:15:00,0,0.44
20.10.2025 16:30:00,0,0.34
20.10.2025 16:45:00,0,1.652
20.10.2025 17:00:00,0,1.68
20.10.2025 17:15:00,1.504,0
20.10.2025 17:30:00,0.108,0
20.10.2025 17:45:00,0.048,0
20.10.2025 18:00:00,0.008,0
20.10.2025 18:15:00,0,0.02
20.10.2025 18:30:00,0,0.032
20.10.2025 18:45:00,0,0.032
20.10.2025 19:00:00,0,0.036
20.10.2025 19:15:00,0,0.048
20.10.2025 19:30:00,0,0.024
20.10.2025 19:45:00,0,0.096
20.10.2025 20:00:00,0,0.12
20.10.2025 20:15:00,0,0.16
20.10.2025 20:30:00,0,0.104
20.10.2025 20:45:00,0,0.084
20.10.2025 21:00:00,0,0.048
20.10.2025 21:15:00,0,0.084
20.10.2025 21:30:00,0,0.02
20.10.2025 21:45:00,0,0.02
20.10.2025 22:00:00,0,0.024
20.10.2025 22:15:00,0,0.012
20.10.2025 22:30:00,0,0.016
20.10.2025 22:45:00,0,0.016
20.10.2025 23:00:00,0,0.04
20.10.2025 23:15:00,0,0.064
20.10.2025 23:30:00,0,0.056
20.10.2025 23:45:00,0,0.044
20.10.2025 24:00:00,0,0.024
21.10.2025 00:15:00,0,0.02
21.10.2025 00:30:00,0,0.044
21.10.2025 00:45:00,0,1.188
21.10.2025 01:00:00,0,0.652
21.10.2025 01:15:00,0,0.476
21.10.2025 01:30:00,0,0.268
21.10.2025 01:45:00,0,0.236
21.10.2025 02:00:00,0,0.224
21.10.2025 02:15:00,0,1.564
21.10.2025 02:30:00,0,1.992
21.10.2025 02:45:00,0,2.004
21.10.2025 03:00:00,0,1.936
21.10.2025 03:15:00,0,2.432
21.10.2025 03:30:00,0,3.056
21.10.2025 03:45:00,0,0.272
21.10.2025 04:00:00,0,0.268
21.10.2025 04:15:00,0,0.268
21.10.2025 04:30:00,0,0.244
21.10.2025 04:45:00,0,0.42
21.10.2025 05:00:00,0,0.656
21.10.2025 05:15:00,0,0.7
21.10.2025 05:30:00,0,0.724
21.10.2025 05:45:00,0,0.724
21.10.2025 06:00:00,0,0.732
21.10.2025 06:15:00,0,1.136
21.10.2025 06:30:00,0,1.212
21.10.2025 06:45:00,0,1.132
21.10.2025 07:00:00,0,1.052
21.10.2025 07:15:00,0,0.796
21.10.2025 07:30:00,0,0.708
21.10.2025 07:45:00,0,0.588
21.10.2025 08:00:00,0,0.66
21.10.2025 08:15:00,0,0.624
21.10.2025 08:30:00,0,0.544
21.10.2025 08:45:00,0,0.432
21.10.2025 09:00:00,0,0.204
21.10.2025 09:15:00,0,0.3
21.10.2025 09:30:00,0,0.508
21.10.2025 09:45:00,0,0.092
21.10.2025 10:00:00,0,0.108
21.10.2025 10:15:00,0.084,0
21.10.2025 10:30:00,0.06,0
21.10.2025 10:45:00,0.548,0
21.10.2025 11:00:00,0.764,0
21.10.2025 11:15:00,0,0.636
21.10.2025 11:30:00,0,0.076
21.10.2025 11:45:00,0,0.072
21.10.2025 12:00:00,0,0.072
21.10.2025 12:15:00,0.072,0
21.10.2025 12:30:00,0.124,0
21.10.2025 12:45:00,0.124,0
21.10.2025 13:00:00,0.392,0
21.10.2025 13:15:00,0,0.128
21.10.2025 13:30:00,0,0.592
21.10.2025 13:45:00,0,0.096
21.10.2025 14:00:00,0,0.072
21.10.2025 14:15:00,0.964,0
21.10.2025 14:30:00,0.62,0
21.10.2025 14:45:00,0.084,0
21.10.2025 15:00:00,0.052,0
21.10.2025 15:15:00,0,0.068
21.10.2025 15:30:00,0,0.068
21.10.2025 15:45:00,0,0
21.10.2025 16:00:00,0,0.664
21.10.2025 16:15:00,0,1.472
21.10.2025 16:30:00,0,0.648
21.10.2025 16:45:00,0,0
21.10.2025 17:00:00,0,0.004
21.10.2025 17:15:00,0.12,0
21.10.2025 17:30:00,0.156,0
21.10.2025 17:45:00,0.024,0
21.10.2025 18:00:00,0.016,0
21.10.2025 18:15:00,0,0.016
21.10.2025 18:30:00,0,0.016
21.10.2025 18:45:00,0,0.016
21.10.2025 19:00:00,0,0.016
21.10.2025 19:15:00,0,0.024
21.10.2025 19:30:00,0,0.016
21.10.2025 19:45:00,0,0.016
21.10.2025 20:00:00,0,0.02
21.10.2025 20:15:00,0,0.02
21.10.2025 20:30:00,0,0.02
21.10.2025 20:45:00,0,0.024
21.10.2025 21:00:00,0,0.044
21.10.2025 21:15:00,0,0.02
21.10.2025 21:30:00,0,0.06
21.10.2025 21:45:00,0,0.028
21.10.2025 22:00:00,0,0.02
21.10.2025 22:15:00,0,0.024
21.10.2025 22:30:00,0,0.02
21.10.2025 22:45:00,0,0.016
21.10.2025 23:00:00,0,0.032
21.10.2025 23:15:00,0,0.024
21.10.2025 23:30:00,0,0.016
21.10.2025 23:45:00,0,0.024
21.10.2025 24:00:00,0,0.012
22.10.2025 00:15:00,0,0.016
22.10.2025 00:30:00,0,0.02
22.10.2025 00:45:00,0,0.012
22.10.2025 01:00:00,0,0.016
22.10.2025 01:15:00,0,0.008
22.10.2025 01:30:00,0,0.02
22.10.2025 01:45:00,0,0.028
22.10.2025 02:00:00,0,0.012
22.10.2025 02:15:00,0,0.016
22.10.2025 02:30:00,0,0.012
22.10.2025 02:45:00,0,0.016
22.10.2025 03:00:00,0,0.012
22.10.2025 03:15:00,0,0.012
22.10.2025 03:30:00,0,0.024
22.10.2025 03:45:00,0,0.04
22.10.2025 04:00:00,0,0.024
22.10.2025 04:15:00,0,0.036
22.10.2025 04:30:00,0,0.032
22.10.2025 04:45:00,0,0.04
22.10.2025 05:00:00,0,0.016
22.10.2025 05:15:00,0,0.016
22.10.2025 05:30:00,0,0.02
22.10.2025 05:45:00,0,0.036
22.10.2025 06:00:00,0,0.036
22.10.2025 06:15:00,0,0.02
22.10.2025 06:30:00,0,0.02
22.10.2025 06:45:00,0,0.888
22.10.2025 07:00:00,0,1.072
22.10.2025 07:15:00,0,1.048
22.10.2025 07:30:00,0,0.872
22.10.2025 07:45:00,0,0.728
22.10.2025 08:00:00,0,0.66
22.10.2025 08:15:00,0,0.572
22.10.2025 08:30:00,0,0.472
22.10.2025 08:45:00,0,0.084
22.10.2025 09:00:00,0,0.064
22.10.2025 09:15:00,0,0.064
22.10.2025 09:30:00,0,0.296
22.10.2025 09:45:00,0,1.272
22.10.2025 10:00:00,0,0.092
22.10.2025 10:15:00,0.388,0
22.10.2025 10:30:00,1.364,0
22.10.2025 10:45:00,1.236,0
22.10.2025 11:00:00,1.128,0
22.10.2025 11:15:00,0,1.308
22.10.2025 11:30:00,0,0.52
22.10.2025 11:45:00,0,0.06
22.10.2025 12:00:00,0,0.064
22.10.2025 12:15:00,0.088,0
22.10.2025 12:30:00,0.132,0
22.10.2025 12:45:00,0.268,0
22.10.2025 13:00:00,0.156,0
22.10.2025 13:15:00,0,0.776
22.10.2025 13:30:00,0,1.584
22.10.2025 13:45:00,0,0.316
22.10.2025 14:00:00,0,0.06
22.10.2025 14:15:00,0.06,0
22.10.2025 14:30:00,0.064,0
22.10.2025 14:45:00,0.068,0
22.10.2025 15:00:00,0.064,0
22.10.2025 15:15:00,0,0.06
22.10.2025 15:30:00,0,0.052
22.10.2025 15:45:00,0,0.092
22.10.2025 16:00:00,0,0.072
22.10.2025 16:15:00,0,0.064
22.10.2025 16:30:00,0,0.068
22.10.2025 16:45:00,0,0.068
22.10.2025 17:00:00,0,1.344
22.10.2025 17:15:00,1.876,0
22.10.2025 17:30:00,1.068,0
22.10.2025 17:45:00,0.02,0
22.10.2025 18:00:00,0.016,0
22.10.2025 18:15:00,0,0.016
22.10.2025 18:30:00,0,0.024
22.10.2025 18:45:00,0,0.024
22.10.2025 19:00:00,0,0.02
22.10.2025 19:15:00,0,0.024
22.10.2025 19:30:00,0,0.02
22.10.2025 19:45:00,0,0.032
22.10.2025 20:00:00,0,0.02
22.10.2025 20:15:00,0,0.016
22.10.2025 20:30:00,0,0.02
22.10.2025 20:45:00,0,0.028
22.10.2025 21:00:00,0,0.028
22.10.2025 21:15:00,0,0.028
22.10.2025 21:30:00,0,0.028
22.10.2025 21:45:00,0,0.044
22.10.2025 22:00:00,0,0.06
22.10.2025 22:15:00,0,0.056
22.10.2025 22:30:00,0,0.096
22.10.2025 22:45:00,0,0.312
22.10.2025 23:00:00,0,0.28
22.10.2025 23:15:00,0,0.712
22.10.2025 23:30:00,0,1.2
22.10.2025 23:45:00,0,2.692
22.10.2025 24:00:00,0,2.356
23.10.2025 00:15:00,0,1.776
23.10.2025 00:30:00,0,0.224
23.10.2025 00:45:00,0,0.252
23.10.2025 01:00:00,0,0.224
23.10.2025 01:15:00,0,0.196
23.10.2025 01:30:00,0,0.176
23.10.2025 01:45:00,0,0.16
23.10.2025 02:00:00,0,0.148
23.10.2025 02:15:00,0,0.148
23.10.2025 02:30:00,0,0.176
23.10.2025 02:45:00,0,0.192
23.10.2025 03:00:00,0,0.244
23.10.2025 03:15:00,0,0.244
23.10.2025 03:30:00,0,0.212
23.10.2025 03:45:00,0,0.152
23.10.2025 04:00:00,0,0.164
23.10.2025 04:15:00,0,0.144
23.10.2025 04:30:00,0,0.152
23.10.2025 04:45:00,0,0.164
23.10.2025 05:00:00,0,0.16
23.10.2025 05:15:00,0,0.204
23.10.2025 05:30:00,0,0.236
23.10.2025 05:45:00,0,0.232
23.10.2025 06:00:00,0,0.188
23.10.2025 06:15:00,0,0.144
23.10.2025 06:30:00,0,0.148
23.10.2025 06:45:00,0,0.196
23.10.2025 07:00:00,0,0.552
23.10.2025 07:15:00,0,0.196
23.10.2025 07:30:00,0,0.312
23.10.2025 07:45:00,0,0.272
23.10.2025 08:00:00,0,0.696
23.10.2025 08:15:00,0,2.532
23.10.2025 08:30:00,0,2.052
23.10.2025 08:45:00,0,2.148
23.10.2025 09:00:00,0,2.428
23.10.2025 09:15:00,0,0.964
23.10.2025 09:30:00,0,0.416
23.10.2025 09:45:00,0,0.7
23.10.2025 10:00:00,0,0.716
23.10.2025 10:15:00,0.444,0
23.10.2025 10:30:00,0.188,0
23.10.2025 10:45:00,0.1,0
23.10.2025 11:00:00,0.388,0
23.10.2025 11:15:00,0,0.168
23.10.2025 11:30:00,0,0.084
23.10.2025 11:45:00,0,0.076
23.10.2025 12:00:00,0,0.084
23.10.2025 12:15:00,0.176,0
23.10.2025 12:30:00,0.16,0
23.10.2025 12:45:00,0.076,0
23.10.2025 13:00:00,0.072,0
23.10.2025 13:15:00,0,0.084
23.10.2025 13:30:00,0,0.056
23.10.2025 13:45:00,0,0.072
23.10.2025 14:00:00,0,0.204
23.10.2025 14:15:00,0.944,0
23.10.2025 14:30:00,0.076,0
23.10.2025 14:45:00,0.076,0
23.10.2025 15:00:00,0.06,0
23.10.2025 15:15:00,0,0.368
23.10.2025 15:30:00,0,0.54
23.10.2025 15:45:00,0,1.976
23.10.2025 16:00:00,0,0.964
23.10.2025 16:15:00,0,0.032
23.10.2025 16:30:00,0,0.032
23.10.2025 16:45:00,0,0.016
23.10.2025 17:00:00,0,0.016
23.10.2025 17:15:00,0.016,0
23.10.2025 17:30:00,0.048,0
23.10.2025 17:45:00,0.008,0
23.10.2025 18:00:00,0.016,0
23.10.2025 18:15:00,0,0.196
23.10.2025 18:30:00,0,0.288
23.10.2025 18:45:00,0,0.012
23.10.2025 19:00:00,0,0.012
23.10.2025 19:15:00,0,0.016
23.10.2025 19:30:00,0,0.02
23.10.2025 19:45:00,0,0.012
23.10.2025 20:00:00,0,0.02
23.10.2025 20:15:00,0,0.024
23.10.2025 20:30:00,0,0.036
23.10.2025 20:45:00,0,0.012
23.10.2025 21:00:00,0,0.024
23.10.2025 21:15:00,0,0.016
23.10.2025 21:30:00,0,0.016
23.10.2025 21:45:00,0,0.016
23.10.2025 22:00:00,0,0.016
23.10.2025 22:15:00,0,0.02
23.10.2025 22:30:00,0,0.016
23.10.2025 22:45:00,0,0.012
23.10.2025 23:00:00,0,0.02
23.10.2025 23:15:00,0,0.02
23.10.2025 23:30:00,0,0.032
23.10.2025 23:45:00,0,0.02
23.10.2025 24:00:00,0,0.024
24.10.2025 00:15:00,0,0.02
24.10.2025 00:30:00,0,0
24.10.2025 00:45:00,0,0
24.10.2025 01:00:00,0,0.012
24.10.2025 01:15:00,0,0.02
24.10.2025 01:30:00,0,0.064
24.10.2025 01:45:00,0,1.016
24.10.2025 02:00:00,0,1.22
24.10.2025 02:15:00,0,1.308
24.10.2025 02:30:00,0,1.22
24.10.2025 02:45:00,0,0.212
24.10.2025 03:00:00,0,0.18
24.10.2025 03:15:00,0,0.136
24.10.2025 03:30:00,0,0.156
24.10.2025 03:45:00,0,0.132
24.10.2025 04:00:00,0,0.16
24.10.2025 04:15:00,0,0.144
24.10.2025 04:30:00,0,0.16
24.10.2025 04:45:00,0,0.236
24.10.2025 05:00:00,0,0.268
24.10.2025 05:15:00,0,0.508
24.10.2025 05:30:00,0,0.696
24.10.2025 05:45:00,0,0.712
24.10.2025 06:00:00,0,0.872
24.10.2025 06:15:00,0,1.18
24.10.2025 06:30:00,0,1.232
24.10.2025 06:45:00,0,2.556
24.10.2025 07:00:00,0,3.3
24.10.2025 07:15:00,0,2.444
24.10.2025 07:30:00,0,0.964
24.10.2025 07:45:00,0,0.816
24.10.2025 08:00:00,0,0.872
24.10.2025 08:15:00,0,1.276
24.10.2025 08:30:00,0,2.024
24.10.2025 08:45:00,0,2.676
24.10.2025 09:00:00,0,1.872
24.10.2025 09:15:00,0,0.608
24.10.2025 09:30:00,0,0.08
24.10.2025 09:45:00,0,0.08
24.10.2025 10:00:00,0,0.052
24.10.2025 10:15:00,0.072,0
24.10.2025 10:30:00,0.096,0
24.10.2025 10:45:00,0.224,0
24.10.2025 11:00:00,0.136,0
24.10.2025 11:15:00,0,0.492
24.10.2025 11:30:00,0,0.612
24.10.2025 11:45:00,0,0.584
24.10.2025 12:00:00,0,0.084
24.10.2025 12:15:00,0.076,0
24.10.2025 12:30:00,0.068,0
24.10.2025 12:45:00,0.148,0
24.10.2025 13:00:00,0.332,0
24.10.2025 13:15:00,0,0.208
24.10.2025 13:30:00,0,0.052
24.10.2025 13:45:00,0,0.052
24.10.2025 14:00:00,0,0.052
24.10.2025 14:15:00,0.052,0
24.10.2025 14:30:00,0.056,0
24.10.2025 14:45:00,0.068,0
24.10.2025 15:00:00,0.06,0
24.10.2025 15:15:00,0,0.056
24.10.2025 15:30:00,0,0.06
24.10.2025 15:45:00,0,0.084
24.10.2025 16:00:00,0,0.056
24.10.2025 16:15:00,0,0.056
24.10.2025 16:30:00,0,0.46
24.10.2025 16:45:00,0,0.4
24.10.2025 17:00:00,0,0.932
24.10.2025 17:15:00,0.908,0
24.10.2025 17:30:00,0.728,0
24.10.2025 17:45:00,0.028,0
24.10.2025 18:00:00,0.068,0
24.10.2025 18:15:00,0,0.112
24.10.2025 18:30:00,0,0.016
24.10.2025 18:45:00,0,0.02
24.10.2025 19:00:00,0,0.048
24.10.2025 19:15:00,0,0.1
24.10.2025 19:30:00,0,0.048
24.10.2025 19:45:00,0,0.016
24.10.2025 20:00:00,0,0.044
24.10.2025 20:15:00,0,0.66
24.10.2025 20:30:00,0,0.592
24.10.2025 20:45:00,0,0.392
24.10.2025 21:00:00,0,0.396
24.10.2025 21:15:00,0,1.032
24.10.2025 21:30:00,0,1.092
24.10.2025 21:45:00,0,1.192
24.10.2025 22:00:00,0,1.208
24.10.2025 22:15:00,0,0.828
24.10.2025 22:30:00,0,1.316
24.10.2025 22:45:00,0,0.872
24.10.2025 23:00:00,0,1.6
24.10.2025 23:15:00,0,1.276
24.10.2025 23:30:00,0,0.712
24.10.2025 23:45:00,0,0.684
24.10.2025 24:00:00,0,1.988
25.10.2025 00:15:00,0,1.3
25.10.2025 00:30:00,0,1.148
25.10.2025 00:45:00,0,1.24
25.10.2025 01:00:00,0,0.944
25.10.2025 01:15:00,0,0.212
25.10.2025 01:30:00,0,0.22
25.10.2025 01:45:00,0,0.244
25.10.2025 02:00:00,0,0.26
25.10.2025 02:15:00,0,0.264
25.10.2025 02:30:00,0,0.336
25.10.2025 02:45:00,0,0.684
25.10.2025 03:00:00,0,0.7
25.10.2025 03:15:00,0,0.7
25.10.2025 03:30:00,0,0.704
25.10.2025 03:45:00,0,0.704
25.10.2025 04:00:00,0,0.696
25.10.2025 04:15:00,0,0.696
25.10.2025 04:30:00,0,0.696
25.10.2025 04:45:00,0,0.64
25.10.2025 05:00:00,0,0.636
25.10.2025 05:15:00,0,0.592
25.10.2025 05:30:00,0,0.568
25.10.2025 05:45:00,0,0.58
25.10.2025 06:00:00,0,0.58
25.10.2025 06:15:00,0,0.904
25.10.2025 06:30:00,0,0.972
25.10.2025 06:45:00,0,0.984
25.10.2025 07:00:00,0,1.06
25.10.2025 07:15:00,0,1.064
25.10.2025 07:30:00,0,1.044
25.10.2025 07:45:00,0,0.848
25.10.2025 08:00:00,0,2.092
25.10.2025 08:15:00,0,2.108
25.10.2025 08:30:00,0,1.888
25.10.2025 08:45:00,0,1.624
25.10.2025 09:00:00,0,1.58
25.10.2025 09:15:00,0,1.26
25.10.2025 09:30:00,0,0.068
25.10.2025 09:45:00,0,0.264
25.10.2025 10:00:00,0,0.852
25.10.2025 10:15:00,1.324,0
25.10.2025 10:30:00,0.452,0
25.10.2025 10:45:00,0.164,0
25.10.2025 11:00:00,0.112,0
25.10.2025 11:15:00,0,0.384
25.10.2025 11:30:00,0,0.616
25.10.2025 11:45:00,0,0.188
25.10.2025 12:00:00,0,0.084
25.10.2025 12:15:00,0.068,0
25.10.2025 12:30:00,0.06,0
25.10.2025 12:45:00,0.084,0
25.10.2025 13:00:00,0.132,0
25.10.2025 13:15:00,0,0.22
25.10.2025 13:30:00,0,0.94
25.10.2025 13:45:00,0,0.508
25.10.2025 14:00:00,0,0.48
25.10.2025 14:15:00,1.016,0
25.10.2025 14:30:00,1.416,0
25.10.2025 14:45:00,1.66,0
25.10.2025 15:00:00,1.876,0
25.10.2025 15:15:00,0,0.712
25.10.2025 15:30:00,0,0.088
25.10.2025 15:45:00,0,0.088
25.10.2025 16:00:00,0,0.212
25.10.2025 16:15:00,0,1.056
25.10.2025 16:30:00,0,0.748
25.10.2025 16:45:00,0,0.816
25.10.2025 17:00:00,0,0.044
25.10.2025 17:15:00,0.188,0
25.10.2025 17:30:00,0.024,0
25.10.2025 17:45:00,0.028,0
25.10.2025 18:00:00,0.028,0
25.10.2025 18:15:00,0,0.02
25.10.2025 18:30:00,0,0.028
25.10.2025 18:45:00,0,0.02
25.10.2025 19:00:00,0,0.024
25.10.2025 19:15:00,0,0.02
25.10.2025 19:30:00,0,0.024
25.10.2025 19:45:00,0,0.056
25.10.2025 20:00:00,0,0.012
25.10.2025 20:15:00,0,0.02
25.10.2025 20:30:00,0,0.02
25.10.2025 20:45:00,0,0.04
25.10.2025 21:00:00,0,0.02
25.10.2025 21:15:00,0,0.396
25.10.2025 21:30:00,0,1.608
25.10.2025 21:45:00,0,1.276
25.10.2025 22:00:00,0,1.48
25.10.2025 22:15:00,0,1.348
25.10.2025 22:30:00,0,0.704
25.10.2025 22:45:00,0,0.988
25.10.2025 23:00:00,0,2.78
25.10.2025 23:15:00,0,1.624
25.10.2025 23:30:00,0,1.32
25.10.2025 23:45:00,0,0.556
25.10.2025 24:00:00,0,0.176
26.10.2025 00:15:00,0,0.176
26.10.2025 00:30:00,0,0.192
26.10.2025 00:45:00,0,0.248
26.10.2025 01:00:00,0,0.252
26.10.2025 01:15:00,0,0.236
26.10.2025 01:30:00,0,0.648
26.10.2025 01:45:00,0,0.664
26.10.2025 02:00:00,0,0.672
26.10.2025 02:15:00,0,0.688
26.10.2025 02:30:00,0,0.572
26.10.2025 02:45:00,0,0.56
26.10.2025 02:00:00,0,0.564
26.10.2025 02:15:00,0,0.604
26.10.2025 02:30:00,0,0.62
26.10.2025 02:45:00,0,0.592
26.10.2025 03:00:00,0,0.24
26.10.2025 03:15:00,0,0.192
26.10.2025 03:30:00,0,0.196
26.10.2025 03:45:00,0,0.164
26.10.2025 04:00:00,0,0.18
26.10.2025 04:15:00,0,0.176
26.10.2025 04:30:00,0,0.168
26.10.2025 04:45:00,0,0.188
26.10.2025 05:00:00,0,0.248
26.10.2025 05:15:00,0,0.24
26.10.2025 05:30:00,0,0.576
26.10.2025 05:45:00,0,0.684
26.10.2025 06:00:00,0,0.676
26.10.2025 06:15:00,0,1.652
26.10.2025 06:30:00,0,1.212
26.10.2025 06:45:00,0,1.148
26.10.2025 07:00:00,0,1.14
26.10.2025 07:15:00,0,1.212
26.10.2025 07:30:00,0,1.252
26.10.2025 07:45:00,0,1.284
26.10.2025 08:00:00,0,1.04
26.10.2025 08:15:00,0,0.624
26.10.2025 08:30:00,0,0.3
26.10.2025 08:45:00,0,0.136
26.10.2025 09:00:00,0,0.072
26.10.2025 09:15:00,0,0.076
26.10.2025 09:30:00,0,0.068
26.10.2025 09:45:00,0,0.132
26.10.2025 10:00:00,0,0.116
26.10.2025 10:15:00,0.08,0
26.10.2025 10:30:00,0.076,0
26.10.2025 10:45:00,0.12,0
26.10.2025 11:00:00,0.096,0
26.10.2025 11:15:00,0,0.068
26.10.2025 11:30:00,0,0.176
26.10.2025 11:45:00,0,0.072
26.10.2025 12:00:00,0,0.072
26.10.2025 12:15:00,0.064,0
26.10.2025 12:30:00,0.08,0
26.10.2025 12:45:00,0.1,0
26.10.2025 13:00:00,0.092,0
26.10.2025 13:15:00,0,0.16
26.10.2025 13:30:00,0,0.012
26.10.2025 13:45:00,0,0.44
26.10.2025 14:00:00,0,0.776
26.10.2025 14:15:00,1.26,0
26.10.2025 14:30:00,0.736,0
26.10.2025 14:45:00,0.292,0
26.10.2025 15:00:00,0.36,0
26.10.2025 15:15:00,0,0.54
26.10.2025 15:30:00,0,0.496
26.10.2025 15:45:00,0,0.284
26.10.2025 16:00:00,0,0.024
26.10.2025 16:15:00,0,0.024
26.10.2025 16:30:00,0,0.024
26.10.2025 16:45:00,0,0.02
26.10.2025 17:00:00,0,0.024
26.10.2025 17:15:00,0.016,0
26.10.2025 17:30:00,0.036,0
26.10.2025 17:45:00,0.024,0
26.10.2025 18:00:00,0.024,0
26.10.2025 18:15:00,0,0.024
26.10.2025 18:30:00,0,0.024
26.10.2025 18:45:00,0,0.024
26.10.2025 19:00:00,0,0.024
26.10.2025 19:15:00,0,0.024
26.10.2025 19:30:00,0,0.024
26.10.2025 19:45:00,0,0.02
26.10.2025 20:00:00,0,0.028
26.10.2025 20:15:00,0,0.032
26.10.2025 20:30:00,0,0.024
26.10.2025 20:45:00,0,0.02
26.10.2025 21:00:00,0,0.024
26.10.2025 21:15:00,0,0.028
26.10.2025 21:30:00,0,0.028
26.10.2025 21:45:00,0,0.024
26.10.2025 22:00:00,0,0.024
26.10.2025 22:15:00,0,0.02
26.10.2025 22:30:00,0,0.032
26.10.2025 22:45:00,0,0.024
26.10.2025 23:00:00,0,0.008
26.10.2025 23:15:00,0,0.024
26.10.2025 23:30:00,0,0.036
26.10.2025 23:45:00,0,0.036
26.10.2025 24:00:00,0,0.032
27.10.2025 00:15:00,0,0.032
27.10.2025 00:30:00,0,0.032
27.10.2025 00:45:00,0,0.032
27.10.2025 01:00:00,0,0.044
27.10.2025 01:15:00,0,0.024
27.10.2025 01:30:00,0,0.02
27.10.2025 01:45:00,0,0.02
27.10.2025 02:00:00,0,0.024
27.10.2025 02:15:00,0,0.02
27.10.2025 02:30:00,0,0.192
27.10.2025 02:45:00,0,0.184
27.10.2025 03:00:00,0,0.192
27.10.2025 03:15:00,0,0.444
27.10.2025 03:30:00,0,0.656
27.10.2025 03:45:00,0,0.724
27.10.2025 04:00:00,0,0.764
27.10.2025 04:15:00,0,0.768
27.10.2025 04:30:00,0,0.768
27.10.2025 04:45:00,0,0.676
27.10.2025 05:00:00,0,0.688
27.10.2025 05:15:00,0,0.688
27.10.2025 05:30:00,0,0.692
27.10.2025 05:45:00,0,0.692
27.10.2025 06:00:00,0,0.696
27.10.2025 06:15:00,0,0.976
27.10.2025 06:30:00,0,1.18
27.10.2025 06:45:00,0,1.224
27.10.2025 07:00:00,0,1.256
27.10.2025 07:15:00,0,1.26
27.10.2025 07:30:00,0,0.984
27.10.2025 07:45:00,0,0.776
27.10.2025 08:00:00,0,0.892
27.10.2025 08:15:00,0,0.964
27.10.2025 08:30:00,0,0.848
27.10.2025 08:45:00,0,0.664
27.10.2025 09:00:00,0,0.588
27.10.2025 09:15:00,0,0.592
27.10.2025 09:30:00,0,0.5
27.10.2025 09:45:00,0,0.56
27.10.2025 10:00:00,0,0.404
27.10.2025 10:15:00,0.18,0
27.10.2025 10:30:00,0.232,0
27.10.2025 10:45:00,0.232,0
27.10.2025 11:00:00,0.056,0
27.10.2025 11:15:00,0,0.056
27.10.2025 11:30:00,0,0.164
27.10.2025 11:45:00,0,0.204
27.10.2025 12:00:00,0,0.108
27.10.2025 12:15:00,0.068,0
27.10.2025 12:30:00,0.176,0
27.10.2025 12:45:00,0.06,0
27.10.2025 13:00:00,0.812,0
27.10.2025 13:15:00,0,1.22
27.10.2025 13:30:00,0,0.996
27.10.2025 13:45:00,0,0.984
27.10.2025 14:00:00,0,0.124
27.10.2025 14:15:00,0.188,0
27.10.2025 14:30:00,0.356,0
27.10.2025 14:45:00,0.604,0
27.10.2025 15:00:00,0.504,0
27.10.2025 15:15:00,0,0.636
27.10.2025 15:30:00,0,0.776
27.10.2025 15:45:00,0,0.624
27.10.2025 16:00:00,0,0.528
27.10.2025 16:15:00,0,0.52
27.10.2025 16:30:00,0,0.024
27.10.2025 16:45:00,0,0.028
27.10.2025 17:00:00,0,0.424
27.10.2025 17:15:00,0.628,0
27.10.2025 17:30:00,0.596,0
27.10.2025 17:45:00,0.552,0
27.10.2025 18:00:00,0.544,0
27.10.2025 18:15:00,0,0.548
27.10.2025 18:30:00,0,0.544
27.10.2025 18:45:00,0,0.632
27.10.2025 19:00:00,0,0.596
27.10.2025 19:15:00,0,0.608
27.10.2025 19:30:00,0,0.64
27.10.2025 19:45:00,0,2.184
27.10.2025 20:00:00,0,1.984
27.10.2025 20:15:00,0,1.876
27.10.2025 20:30:00,0,1.252
27.10.2025 20:45:00,0,0.2
27.10.2025 21:00:00,0,0.196
27.10.2025 21:15:00,0,0.448
27.10.2025 21:30:00,0,0.852
27.10.2025 21:45:00,0,0.932
27.10.2025 22:00:00,0,0.964
27.10.2025 22:15:00,0,0.792
27.10.2025 22:30:00,0,0.756
27.10.2025 22:45:00,0,0.684
27.10.2025 23:00:00,0,0.688
27.10.2025 23:15:00,0,0.584
27.10.2025 23:30:00,0,0.548
27.10.2025 23:45:00,0,0.544
27.10.2025 24:00:00,0,0.544
28.10.2025 00:15:00,0,0.588
28.10.2025 00:30:00,0,0.628
28.10.2025 00:45:00,0,0.352
28.10.2025 01:00:00,0,0.248
28.10.2025 01:15:00,0,0.184
28.10.2025 01:30:00,0,0.196
28.10.2025 01:45:00,0,0.188
28.10.2025 02:00:00,0,0.192
28.10.2025 02:15:00,0,4.188
28.10.2025 02:30:00,0,4.368
28.10.2025 02:45:00,0,4.392
28.10.2025 03:00:00,0,4.44
28.10.2025 03:15:00,0,2.568
28.10.2025 03:30:00,0,0.224
28.10.2025 03:45:00,0,0.196
28.10.2025 04:00:00,0,0.196
28.10.2025 04:15:00,0,0.66
28.10.2025 04:30:00,0,0.664
28.10.2025 04:45:00,0,0.676
28.10.2025 05:00:00,0,0.684
28.10.2025 05:15:00,0,0.696
28.10.2025 05:30:00,0,0.772
28.10.2025 05:45:00,0,0.784
28.10.2025 06:00:00,0,0.788
28.10.2025 06:15:00,0,1.124
28.10.2025 06:30:00,0,1.096
28.10.2025 06:45:00,0,0.936
28.10.2025 07:00:00,0,0.844
28.10.2025 07:15:00,0,0.684
28.10.2025 07:30:00,0,0.604
28.10.2025 07:45:00,0,0.508
28.10.2025 08:00:00,0,0.448
28.10.2025 08:15:00,0,0.152
28.10.2025 08:30:00,0,0.108
28.10.2025 08:45:00,0,0.176
28.10.2025 09:00:00,0,0.056
28.10.2025 09:15:00,0,0.06
28.10.2025 09:30:00,0,0.084
28.10.2025 09:45:00,0,0.076
28.10.2025 10:00:00,0,0.08
28.10.2025 10:15:00,0.116,0
28.10.2025 10:30:00,0.068,0
28.10.2025 10:45:00,0.068,0
28.10.2025 11:00:00,0.08,0
28.10.2025 11:15:00,0,0.06
28.10.2025 11:30:00,0,0.064
28.10.2025 11:45:00,0,0.06
28.10.2025 12:00:00,0,0.056
28.10.2025 12:15:00,0.064,0
28.10.2025 12:30:00,0.06,0
28.10.2025 12:45:00,0.056,0
28.10.2025 13:00:00,0.064,0
28.10.2025 13:15:00,0,0.26
28.10.2025 13:30:00,0,0.14
28.10.2025 13:45:00,0,1.516
28.10.2025 14:00:00,0,1.668
28.10.2025 14:15:00,2.02,0
28.10.2025 14:30:00,3.28,0
28.10.2025 14:45:00,2.4,0
28.10.2025 15:00:00,0.94,0
28.10.2025 15:15:00,0,0.912
28.10.2025 15:30:00,0,0.548
28.10.2025 15:45:00,0,0.184
28.10.2025 16:00:00,0,0.752
28.10.2025 16:15:00,0,0.244
28.10.2025 16:30:00,0,0.02
28.10.2025 16:45:00,0,0.024
28.10.2025 17:00:00,0,0.02
28.10.2025 17:15:00,0.016,0
28.10.2025 17:30:00,0.024,0
28.10.2025 17:45:00,0.016,0
28.10.2025 18:00:00,0.012,0
28.10.2025 18:15:00,0,0.028
28.10.2025 18:30:00,0,0.024
28.10.2025 18:45:00,0,0.02
28.10.2025 19:00:00,0,0.02
28.10.2025 19:15:00,0,0.016
28.10.2025 19:30:00,0,0.04
28.10.2025 19:45:00,0,0.032
28.10.2025 20:00:00,0,0.028
28.10.2025 20:15:00,0,0.432
28.10.2025 20:30:00,0,0.884
28.10.2025 20:45:00,0,0.732
28.10.2025 21:00:00,0,0.68
28.10.2025 21:15:00,0,0.636
28.10.2025 21:30:00,0,0.632
28.10.2025 21:45:00,0,0.604
28.10.2025 22:00:00,0,0.444
28.10.2025 22:15:00,0,0.192
28.10.2025 22:30:00,0,0.196
28.10.2025 22:45:00,0,0.208
28.10.2025 23:00:00,0,0.172
28.10.2025 23:15:00,0,0.192
28.10.2025 23:30:00,0,0.252
28.10.2025 23:45:00,0,0.244
28.10.2025 24:00:00,0,0.24
29.10.2025 00:15:00,0,0.232
29.10.2025 00:30:00,0,0.188
29.10.2025 00:45:00,0,0.176
29.10.2025 01:00:00,0,0.464
29.10.2025 01:15:00,0,0.62
29.10.2025 01:30:00,0,0.632
29.10.2025 01:45:00,0,0.648
29.10.2025 02:00:00,0,0.696
29.10.2025 02:15:00,0,0.612
29.10.2025 02:30:00,0,0.608
29.10.2025 02:45:00,0,0.608
29.10.2025 03:00:00,0,0.536
29.10.2025 03:15:00,0,0.54
29.10.2025 03:30:00,0,0.468
29.10.2025 03:45:00,0,0.168
29.10.2025 04:00:00,0,0.196
29.10.2025 04:15:00,0,0.164
29.10.2025 04:30:00,0,0.216
29.10.2025 04:45:00,0,0.264
29.10.2025 05:00:00,0,0.244
29.10.2025 05:15:00,0,0.244
29.10.2025 05:30:00,0,0.192
29.10.2025 05:45:00,0,0.296
29.10.2025 06:00:00,0,0.688
29.10.2025 06:15:00,0,1.044
29.10.2025 06:30:00,0,1.06
29.10.2025 06:45:00,0,1.072
29.10.2025 07:00:00,0,1.152
29.10.2025 07:15:00,0,1.252
29.10.2025 07:30:00,0,1.288
29.10.2025 07:45:00,0,0.984
29.10.2025 08:00:00,0,0.348
29.10.2025 08:15:00,0,0.092
29.10.2025 08:30:00,0,0.068
29.10.2025 08:45:00,0,0.076
29.10.2025 09:00:00,0,0.068
29.10.2025 09:15:00,0,0.064
29.10.2025 09:30:00,0,0.044
29.10.2025 09:45:00,0,0.076
29.10.2025 10:00:00,0,0.072
29.10.2025 10:15:00,0.068,0
29.10.2025 10:30:00,0.064,0
29.10.2025 10:45:00,0.06,0
29.10.2025 11:00:00,0.056,0
29.10.2025 11:15:00,0,0.072
29.10.2025 11:30:00,0,0.072
29.10.2025 11:45:00,0,0.06
29.10.2025 12:00:00,0,0.056
29.10.2025 12:15:00,0.044,0
29.10.2025 12:30:00,0.008,0
29.10.2025 12:45:00,0,0
29.10.2025 13:00:00,0.612,0
29.10.2025 13:15:00,0,0.272
29.10.2025 13:30:00,0,0.164
29.10.2025 13:45:00,0,0.08
29.10.2025 14:00:00,0,0
29.10.2025 14:15:00,0,0
29.10.2025 14:30:00,0,0
29.10.2025 14:45:00,0.004,0
29.10.2025 15:00:00,0.02,0
29.10.2025 15:15:00,0,0.004
29.10.2025 15:30:00,0,0
29.10.2025 15:45:00,0,0
29.10.2025 16:00:00,0,0
29.10.2025 16:15:00,0,0.028
29.10.2025 16:30:00,0,0.036
29.10.2025 16:45:00,0,0.02
29.10.2025 17:00:00,0,0.016
29.10.2025 17:15:00,0.016,0
29.10.2025 17:30:00,0.024,0
29.10.2025 17:45:00,0.02,0
29.10.2025 18:00:00,0.048,0
29.10.2025 18:15:00,0,0.048
29.10.2025 18:30:00,0,0.036
29.10.2025 18:45:00,0,0.036
29.10.2025 19:00:00,0,0.04
29.10.2025 19:15:00,0,0.044
29.10.2025 19:30:00,0,0.036
29.10.2025 19:45:00,0,0.028
29.10.2025 20:00:00,0,0.036
29.10.2025 20:15:00,0,0.02
29.10.2025 20:30:00,0,0.02
29.10.2025 20:45:00,0,0.024
29.10.2025 21:00:00,0,0.02
29.10.2025 21:15:00,0,0.024
29.10.2025 21:30:00,0,0.02
29.10.2025 21:45:00,0,0.028
29.10.2025 22:00:00,0,0.02
29.10.2025 22:15:00,0,0.036
29.10.2025 22:30:00,0,0.028
29.10.2025 22:45:00,0,0.036
29.10.2025 23:00:00,0,0.036
29.10.2025 23:15:00,0,0.028
29.10.2025 23:30:00,0,0.04
29.10.2025 23:45:00,0,0.024
29.10.2025 24:00:00,0,0.04
30.10.2025 00:15:00,0,0.016
30.10.2025 00:30:00,0,0.268
30.10.2025 00:45:00,0,0.54
30.10.2025 01:00:00,0,0.544
30.10.2025 01:15:00,0,0.244
30.10.2025 01:30:00,0,0.244
30.10.2025 01:45:00,0,0.252
30.10.2025 02:00:00,0,0.248
30.10.2025 02:15:00,0,0.236
30.10.2025 02:30:00,0,0.156
30.10.2025 02:45:00,0,0.172
30.10.2025 03:00:00,0,0.164
30.10.2025 03:15:00,0,0.176
30.10.2025 03:30:00,0,0.16
30.10.2025 03:45:00,0,0.156
30.10.2025 04:00:00,0,0.596
30.10.2025 04:15:00,0,0.712
30.10.2025 04:30:00,0,0.708
30.10.2025 04:45:00,0,0.724
30.10.2025 05:00:00,0,0.704
30.10.2025 05:15:00,0,0.704
30.10.2025 05:30:00,0,0.704
30.10.2025 05:45:00,0,0.712
30.10.2025 06:00:00,0,0.72
30.10.2025 06:15:00,0,0.752
30.10.2025 06:30:00,0,0.76
30.10.2025 06:45:00,0,0.792
30.10.2025 07:00:00,0,0.8
30.10.2025 07:15:00,0,0.776
30.10.2025 07:30:00,0,0.748
30.10.2025 07:45:00,0,0.58
30.10.2025 08:00:00,0,0.712
30.10.2025 08:15:00,0,1.784
30.10.2025 08:30:00,0,1.744
30.10.2025 08:45:00,0,1.892
30.10.2025 09:00:00,0,1.66
30.10.2025 09:15:00,0,0.632
30.10.2025 09:30:00,0,0.056
30.10.2025 09:45:00,0,0.06
30.10.2025 10:00:00,0,0.12
30.10.2025 10:15:00,0.356,0
30.10.2025 10:30:00,0.148,0
30.10.2025 10:45:00,0.152,0
30.10.2025 11:00:00,0.148,0
30.10.2025 11:15:00,0,0.12
30.10.2025 11:30:00,0,0.216
30.10.2025 11:45:00,0,0.112
30.10.2025 12:00:00,0,0.16
30.10.2025 12:15:00,0.116,0
30.10.2025 12:30:00,0.092,0
30.10.2025 12:45:00,0.088,0
30.10.2025 13:00:00,0.12,0
30.10.2025 13:15:00,0,0.052
30.10.2025 13:30:00,0,0.052
30.10.2025 13:45:00,0,0.096
30.10.2025 14:00:00,0,0.088
30.10.2025 14:15:00,0.056,0
30.10.2025 14:30:00,0.076,0
30.10.2025 14:45:00,0.016,0
30.10.2025 15:00:00,0.012,0
30.10.2025 15:15:00,0,0.02
30.10.2025 15:30:00,0,0.02
30.10.2025 15:45:00,0,0
30.10.2025 16:00:00,0,0.704
30.10.2025 16:15:00,0,0.056
30.10.2025 16:30:00,0,0.036
30.10.2025 16:45:00,0,0.04
30.10.2025 17:00:00,0,0.044
30.10.2025 17:15:00,0.016,0
30.10.2025 17:30:00,0.016,0
30.10.2025 17:45:00,0.02,0
30.10.2025 18:00:00,0.02,0
30.10.2025 18:15:00,0,0.02
30.10.2025 18:30:00,0,0.02
30.10.2025 18:45:00,0,0.024
30.10.2025 19:00:00,0,0.02
30.10.2025 19:15:00,0,0.016
30.10.2025 19:30:00,0,0.028
30.10.2025 19:45:00,0,0.02
30.10.2025 20:00:00,0,0.016
30.10.2025 20:15:00,0,0.016
30.10.2025 20:30:00,0,0.028
30.10.2025 20:45:00,0,0.024
30.10.2025 21:00:00,0,0.024
30.10.2025 21:15:00,0,0.02
30.10.2025 21:30:00,0,0.02
30.10.2025 21:45:00,0,0.028
30.10.2025 22:00:00,0,0.052
30.10.2025 22:15:00,0,0.028
30.10.2025 22:30:00,0,0.036
30.10.2025 22:45:00,0,0.048
30.10.2025 23:00:00,0,0.04
30.10.2025 23:15:00,0,0.012
30.10.2025 23:30:00,0,0.016
30.10.2025 23:45:00,0,0.02
30.10.2025 24:00:00,0,0.02
31.10.2025 00:15:00,0,0.02
31.10.2025 00:30:00,0,0.212
31.10.2025 00:45:00,0,0.628
31.10.2025 01:00:00,0,0.332
31.10.2025 01:15:00,0,0.24
31.10.2025 01:30:00,0,0.224
31.10.2025 01:45:00,0,0.208
31.10.2025 02:00:00,0,0.176
31.10.2025 02:15:00,0,0.176
31.10.2025 02:30:00,0,0.184
31.10.2025 02:45:00,0,0.188
31.10.2025 03:00:00,0,0.444
31.10.2025 03:15:00,0,0.668
31.10.2025 03:30:00,0,0.752
31.10.2025 03:45:00,0,0.756
31.10.2025 04:00:00,0,0.764
31.10.2025 04:15:00,0,0.744
31.10.2025 04:30:00,0,0.704
31.10.2025 04:45:00,0,0.688
31.10.2025 05:00:00,0,0.692
31.10.2025 05:15:00,0,0.7
31.10.2025 05:30:00,0,0.692
31.10.2025 05:45:00,0,0.708
31.10.2025 06:00:00,0,0.732
31.10.2025 06:15:00,0,1.136
31.10.2025 06:30:00,0,1.156
31.10.2025 06:45:00,0,1.12
31.10.2025 07:00:00,0,1.108
31.10.2025 07:15:00,0,1.12
31.10.2025 07:30:00,0,1.088
31.10.2025 07:45:00,0,1
31.10.2025 08:00:00,0,0.524
31.10.2025 08:15:00,0,0.22
31.10.2025 08:30:00,0,0.22
31.10.2025 08:45:00,0,0.728
31.10.2025 09:00:00,0,0.66
31.10.2025 09:15:00,0,0.216
31.10.2025 09:30:00,0,0.064
31.10.2025 09:45:00,0,0.072
31.10.2025 10:00:00,0,0.124
31.10.2025 10:15:00,0.08,0
31.10.2025 10:30:00,0.06,0
31.10.2025 10:45:00,0.06,0
31.10.2025 11:00:00,0.06,0
31.10.2025 11:15:00,0,0.076
31.10.2025 11:30:00,0,0.068
31.10.2025 11:45:00,0,0.056
31.10.2025 12:00:00,0,0.068
31.10.2025 12:15:00,0.056,0
31.10.2025 12:30:00,0.056,0
31.10.2025 12:45:00,0.064,0
31.10.2025 13:00:00,0.064,0
31.10.2025 13:15:00,0,0.072
31.10.2025 13:30:00,0,0.06
31.10.2025 13:45:00,0,0.076
31.10.2025 14:00:00,0,0.06
31.10.2025 14:15:00,0.056,0
31.10.2025 14:30:00,0.06,0
31.10.2025 14:45:00,0.06,0
31.10.2025 15:00:00,0.22,0
31.10.2025 15:15:00,0,0.412
31.10.2025 15:30:00,0,0.484
31.10.2025 15:45:00,0,0.6
31.10.2025 16:00:00,0,0.516
31.10.2025 16:15:00,0,0.492
31.10.2025 16:30:00,0,0.092
31.10.2025 16:45:00,0,0.08
31.10.2025 17:00:00,0,0.108
31.10.2025 17:15:00,0.064,0
31.10.2025 17:30:00,0.064,0
31.10.2025 17:45:00,0.032,0
31.10.2025 18:00:00,0.024,0
31.10.2025 18:15:00,0,0.028
31.10.2025 18:30:00,0,0.056
31.10.2025 18:45:00,0,0.18
31.10.2025 19:00:00,0,4.528
31.10.2025 19:15:00,0,5.352
31.10.2025 19:30:00,0,5.24
31.10.2025 19:45:00,0,2.708
31.10.2025 20:00:00,0,1.288
31.10.2025 20:15:00,0,1.472
31.10.2025 20:30:00,0,1.304
31.10.2025 20:45:00,0,1.364
31.10.2025 21:00:00,0,4.12
31.10.2025 21:15:00,0,1.568
31.10.2025 21:30:00,0,1.544
31.10.2025 21:45:00,0,1.576
31.10.2025 22:00:00,0,1.512
31.10.2025 22:15:00,0,1.432
31.10.2025 22:30:00,0,1.244
31.10.2025 22:45:00,0,1.236
31.10.2025 23:00:00,0,1.232
31.10.2025 23:15:00,0,1.232
31.10.2025 23:30:00,0,1.252
31.10.2025 23:45:00,0,1.324
31.10.2025 24:00:00,0,1.316
